metric,category,direction,xai_method,mean,median,std,iqr,min,max,missing_pct,interpretation
Complexity,Complexity,lower,LIME,1.7939072113757482,1.7094803248647679,0.5675749685685472,0.8984587534866653,0.3191206453337963,2.7543211823126073,0.0,explicaciones menos complejas
Complexity,Complexity,lower,MAPLE,1.6080031639571088,1.5811884674637997,0.5103059507596832,0.5401174809736056,-1.000088900581841e-12,2.6581879631903,6.41025641025641,explicaciones menos complejas
Complexity,Complexity,lower,SHAP,1.679143335424746,1.6898502566942475,0.5724608973219523,0.5243312042921482,0.0559547103319113,2.72839336752305,6.41025641025641,explicaciones menos complejas
Sparseness,Complexity,higher,LIME,0.49396908577661364,0.4658118847406706,0.19092579918998676,0.23256407038516935,0.0859671542451644,0.8794475703271419,0.0,atribuciones más concentradas
Sparseness,Complexity,higher,MAPLE,0.5716707284173661,0.5524454632134466,0.14993458571036455,0.20187292531576695,0.2098782034171828,0.9353743369318568,6.41025641025641,atribuciones más concentradas
Sparseness,Complexity,higher,SHAP,0.5297977416627316,0.49738202255622266,0.17695789784183658,0.19853345993897764,0.1307478992506948,0.9373043250596698,6.41025641025641,atribuciones más concentradas
Consistency,Faithfulness,lower,LIME,0.7439732031847766,0.9024390243682332,0.2580231634200289,0.33333333332804227,0.0158730158727639,0.999999999984127,0.0,mayor consistencia
Consistency,Faithfulness,lower,MAPLE,0.7657722836017861,0.9047619047475436,0.25653605965001575,0.39024390242950635,0.0204081632648896,0.9999999999818182,6.41025641025641,mayor consistencia
Consistency,Faithfulness,lower,SHAP,0.7569033716393506,0.9047619047475436,0.2575188727715693,0.33333333332804227,0.0158730158727639,0.999999999984127,6.41025641025641,mayor consistencia
Faithfulness,Faithfulness,higher,LIME,-0.18461161278141483,-0.1930856504897848,0.5034405000256162,0.8298512821139784,-0.9996625911190896,0.9870268411341564,0.0,mayor fidelidad
Faithfulness,Faithfulness,higher,MAPLE,0.05036040044984324,0.02494291533951615,0.4083459935139691,0.5603326697583049,-0.9999671257043942,0.986368617386295,6.41025641025641,mayor fidelidad
Faithfulness,Faithfulness,higher,SHAP,-0.1990007599992241,-0.3263581045884648,0.5593694767776858,0.8461567674032531,-0.9999954780707486,0.9937259275849762,6.41025641025641,mayor fidelidad
FaithfulnessEstimate,Faithfulness,higher,LIME,-0.0729355436797179,-0.09544317483889275,0.4848022704123283,0.6825228697915987,-0.9985975197863644,0.9984113790654228,0.0,mayor estimación de fidelidad
FaithfulnessEstimate,Faithfulness,higher,MAPLE,0.04070871808128566,0.0257560753940387,0.5089663837987602,0.7328016789027725,-0.9999985998895956,0.9999970281204388,6.41025641025641,mayor estimación de fidelidad
FaithfulnessEstimate,Faithfulness,higher,SHAP,-0.047372720940441114,-0.06634155810807205,0.5604193494737714,0.977440071264572,-0.999992959693626,0.9999941237328324,6.41025641025641,mayor estimación de fidelidad
Monotonicity,Faithfulness,higher,LIME,0.8672161172161172,1.0,0.33949649594275993,0.0,0.0,1.0,0.0,mayor monotonicidad
Monotonicity,Faithfulness,higher,MAPLE,0.8581213307240705,1.0,0.34909648730482845,0.0,0.0,1.0,6.41025641025641,mayor monotonicidad
Monotonicity,Faithfulness,higher,SHAP,0.860078277886497,1.0,0.3470756433282842,0.0,0.0,1.0,6.41025641025641,mayor monotonicidad
MonotonicityCorrelation,Faithfulness,higher,LIME,0.20564465593554684,0.2312297288314915,0.3414792655999871,0.4285714285714286,-0.8928571428571429,0.9642857142857144,0.0,mayor correlación monotónica
MonotonicityCorrelation,Faithfulness,higher,MAPLE,0.2227806994654848,0.25,0.34954032973875215,0.5,-0.9285714285714288,1.0,6.41025641025641,mayor correlación monotónica
MonotonicityCorrelation,Faithfulness,higher,SHAP,0.0801059777313273,0.08422005472427116,0.47880362731201304,0.8134584619414834,-1.0,0.9642857142857144,6.41025641025641,mayor correlación monotónica
MonotonicityMetric,Faithfulness,higher,LIME,0.048534798534798536,0.0,0.214991858558056,0.0,0.0,1.0,0.0,mayor cumplimiento de monotonicidad
MonotonicityMetric,Faithfulness,higher,MAPLE,0.05577299412915851,0.0,0.22959517952038755,0.0,0.0,1.0,6.41025641025641,mayor cumplimiento de monotonicidad
MonotonicityMetric,Faithfulness,higher,SHAP,0.05675146771037182,0.0,0.23148038434758697,0.0,0.0,1.0,6.41025641025641,mayor cumplimiento de monotonicidad
SensitivityN,Faithfulness,higher,LIME,,,,,,,100.0,menor sensibilidad
SensitivityN,Faithfulness,higher,MAPLE,,,,,,,100.0,menor sensibilidad
SensitivityN,Faithfulness,higher,SHAP,,,,,,,100.0,menor sensibilidad
Sufficiency,Faithfulness,higher,LIME,0.5724919399414982,0.7222222222222222,0.4074175180819014,0.9411764705882352,0.0,1.0,0.0,mayor suficiencia
Sufficiency,Faithfulness,higher,MAPLE,0.5093680251459319,0.5753787878787879,0.41423026244701017,0.9266034327009938,0.0,1.0,6.41025641025641,mayor suficiencia
Sufficiency,Faithfulness,higher,SHAP,0.5568382006886465,0.8,0.4488767754423355,0.9741902834008098,0.0,1.0,6.41025641025641,mayor suficiencia
Completeness,Fidelity,higher,LIME,0.0,0.0,0.0,0.0,0.0,0.0,0.0,más completo
Completeness,Fidelity,higher,MAPLE,0.0,0.0,0.0,0.0,0.0,0.0,6.41025641025641,más completo
Completeness,Fidelity,higher,SHAP,0.0,0.0,0.0,0.0,0.0,0.0,6.41025641025641,más completo
NonSensitivity,Fidelity,lower,LIME,3.7234432234432235,4.0,3.005415194109203,4.0,0.0,14.0,0.0,menor sensibilidad a características irrelevantes
NonSensitivity,Fidelity,lower,MAPLE,2.6663405088062624,2.0,2.47716745159761,3.0,0.0,13.0,6.41025641025641,menor sensibilidad a características irrelevantes
NonSensitivity,Fidelity,lower,SHAP,3.2113502935420746,3.0,2.8219005578976364,3.75,0.0,13.0,6.41025641025641,menor sensibilidad a características irrelevantes
LocalLipschitzEstimate,Robustness,lower,LIME,9.17235197251235,8.879472409566379,3.3401304805099823,3.678930271456384,1.652432489856055,31.374282895856595,0.0,mayor estabilidad local
LocalLipschitzEstimate,Robustness,lower,MAPLE,3.9537566146685497,3.4361074984113302,2.4352899064428564,2.810526658995127,0.5458513233638083,19.13629557349906,6.41025641025641,mayor estabilidad local
LocalLipschitzEstimate,Robustness,lower,SHAP,3.9830604709270956,3.37488538296914,3.032266345495163,3.61385014208276,0.1680686242181314,20.96615530555212,6.41025641025641,mayor estabilidad local
MaxSensitivity,Robustness,lower,LIME,1.7943023402907847,1.7563521614522453,0.8514386936060637,0.7744138902911843,0.2095963947857095,6.187911413544574,6.41025641025641,menor sensibilidad máxima
MaxSensitivity,Robustness,lower,MAPLE,695.5236364649485,1.7154033223246739,7262.314498823017,1.694041816048919,0.0619647877722219,125284.2782195404,6.41025641025641,menor sensibilidad máxima
MaxSensitivity,Robustness,lower,SHAP,3.4208224020268023,2.20513198788617,3.5340159186442266,3.1894862250451705,0.368936530748573,50.17127868791484,6.41025641025641,menor sensibilidad máxima
RelativeInputStability,Robustness,lower,LIME,564.1964253901946,0.3479275525028278,5188.951556325519,4.642097265886856,2.5115565234290948e-05,108355.94547696887,49.175824175824175,mayor estabilidad frente a cambios en la entrada
RelativeInputStability,Robustness,lower,MAPLE,66.78124104481806,0.46114278925502367,836.7763187276717,8.382900663927195,1.346755203581286e-06,18990.049588815866,49.08424908424908,mayor estabilidad frente a cambios en la entrada
RelativeInputStability,Robustness,lower,SHAP,272.3491188141529,0.3492849863686483,2424.3749499108653,2.684691176339251,2.288164692033084e-05,34613.72709023079,51.373626373626365,mayor estabilidad frente a cambios en la entrada
RelativeOutputStability,Robustness,lower,LIME,22976828.946186133,9212.052229460152,248096053.66296676,1041623.9803204273,4.303410428160123,4127215257.373959,49.175824175824175,mayor estabilidad relativa en la salida
RelativeOutputStability,Robustness,lower,MAPLE,2129046975.2512968,3929.174375995819,33591304926.212452,1884272.0312388767,0.9010075923292808,743656001187.0403,49.175824175824175,mayor estabilidad relativa en la salida
RelativeOutputStability,Robustness,lower,SHAP,2744753.934337779,10878.103167229896,20342439.92285811,238646.64238188468,4.731930344962446,355838414.92690766,51.098901098901095,mayor estabilidad relativa en la salida
AvgSensitivity,Sensitivity,lower,LIME,1.0526614326316555,1.05271731491534,0.5505503413814634,0.6635887626386392,0.0957026960939979,3.8368298769197855,6.41025641025641,menor sensibilidad media
AvgSensitivity,Sensitivity,lower,MAPLE,486.8473731071125,0.8204761128802546,5181.851874174161,0.7792471482144151,0.0327538347060871,90978.39479263408,6.41025641025641,menor sensibilidad media
AvgSensitivity,Sensitivity,lower,SHAP,1.562224622502764,1.0643850133766728,1.3943287262371977,1.493751548004988,0.1823798330285951,18.778814042521404,12.82051282051282,menor sensibilidad media
