dataset_name,model_name,metric,category,direction,xai_method,median,rank,is_best,best_methods,interpretation
AHU21,AutoEncoder,AvgSensitivity,Sensitivity,lower,LIME,1.0868403933756516,2.0,False,MAPLE,menor sensibilidad media
AHU21,AutoEncoder,AvgSensitivity,Sensitivity,lower,MAPLE,0.6470215290340763,1.0,True,MAPLE,menor sensibilidad media
AHU21,AutoEncoder,AvgSensitivity,Sensitivity,lower,SHAP,1.3941235405973436,3.0,False,MAPLE,menor sensibilidad media
AHU21,AutoEncoder,Completeness,Fidelity,higher,LIME,0.0,1.0,True,"LIME, MAPLE, SHAP",más completo
AHU21,AutoEncoder,Completeness,Fidelity,higher,MAPLE,0.0,1.0,True,"LIME, MAPLE, SHAP",más completo
AHU21,AutoEncoder,Completeness,Fidelity,higher,SHAP,0.0,1.0,True,"LIME, MAPLE, SHAP",más completo
AHU21,AutoEncoder,Complexity,Complexity,lower,LIME,2.3464255053699237,3.0,False,MAPLE,explicaciones menos complejas
AHU21,AutoEncoder,Complexity,Complexity,lower,MAPLE,1.7824486392328343,1.0,True,MAPLE,explicaciones menos complejas
AHU21,AutoEncoder,Complexity,Complexity,lower,SHAP,2.305057774939775,2.0,False,MAPLE,explicaciones menos complejas
AHU21,AutoEncoder,Consistency,Faithfulness,lower,LIME,0.8888888888747796,2.0,False,MAPLE,mayor consistencia
AHU21,AutoEncoder,Consistency,Faithfulness,lower,MAPLE,0.8703703703542525,1.0,True,MAPLE,mayor consistencia
AHU21,AutoEncoder,Consistency,Faithfulness,lower,SHAP,0.8888888888747796,2.0,False,MAPLE,mayor consistencia
AHU21,AutoEncoder,Faithfulness,Faithfulness,higher,LIME,0.12066645592162989,1.0,True,LIME,mayor fidelidad
AHU21,AutoEncoder,Faithfulness,Faithfulness,higher,MAPLE,-0.0297675069350769,3.0,False,LIME,mayor fidelidad
AHU21,AutoEncoder,Faithfulness,Faithfulness,higher,SHAP,-0.021374348291510498,2.0,False,LIME,mayor fidelidad
AHU21,AutoEncoder,FaithfulnessEstimate,Faithfulness,higher,LIME,0.0899344268002001,1.0,True,LIME,mayor estimación de fidelidad
AHU21,AutoEncoder,FaithfulnessEstimate,Faithfulness,higher,MAPLE,0.0518848037828213,3.0,False,LIME,mayor estimación de fidelidad
AHU21,AutoEncoder,FaithfulnessEstimate,Faithfulness,higher,SHAP,0.054936785471925154,2.0,False,LIME,mayor estimación de fidelidad
AHU21,AutoEncoder,LocalLipschitzEstimate,Robustness,lower,LIME,7.652899314931471,3.0,False,SHAP,mayor estabilidad local
AHU21,AutoEncoder,LocalLipschitzEstimate,Robustness,lower,MAPLE,3.2724672281559792,2.0,False,SHAP,mayor estabilidad local
AHU21,AutoEncoder,LocalLipschitzEstimate,Robustness,lower,SHAP,1.7438210560011083,1.0,True,SHAP,mayor estabilidad local
AHU21,AutoEncoder,MaxSensitivity,Robustness,lower,LIME,1.889464310065167,2.0,False,MAPLE,menor sensibilidad máxima
AHU21,AutoEncoder,MaxSensitivity,Robustness,lower,MAPLE,1.5402758342435372,1.0,True,MAPLE,menor sensibilidad máxima
AHU21,AutoEncoder,MaxSensitivity,Robustness,lower,SHAP,2.819129520904078,3.0,False,MAPLE,menor sensibilidad máxima
AHU21,AutoEncoder,Monotonicity,Faithfulness,higher,LIME,1.0,1.0,True,"LIME, MAPLE, SHAP",mayor monotonicidad
AHU21,AutoEncoder,Monotonicity,Faithfulness,higher,MAPLE,1.0,1.0,True,"LIME, MAPLE, SHAP",mayor monotonicidad
AHU21,AutoEncoder,Monotonicity,Faithfulness,higher,SHAP,1.0,1.0,True,"LIME, MAPLE, SHAP",mayor monotonicidad
AHU21,AutoEncoder,MonotonicityCorrelation,Faithfulness,higher,LIME,0.35416666666666663,1.0,True,LIME,mayor correlación monotónica
AHU21,AutoEncoder,MonotonicityCorrelation,Faithfulness,higher,MAPLE,0.13521318008060795,2.0,False,LIME,mayor correlación monotónica
AHU21,AutoEncoder,MonotonicityCorrelation,Faithfulness,higher,SHAP,0.0367647058823529,3.0,False,LIME,mayor correlación monotónica
AHU21,AutoEncoder,MonotonicityMetric,Faithfulness,higher,LIME,0.0,1.0,True,"LIME, MAPLE, SHAP",mayor cumplimiento de monotonicidad
AHU21,AutoEncoder,MonotonicityMetric,Faithfulness,higher,MAPLE,0.0,1.0,True,"LIME, MAPLE, SHAP",mayor cumplimiento de monotonicidad
AHU21,AutoEncoder,MonotonicityMetric,Faithfulness,higher,SHAP,0.0,1.0,True,"LIME, MAPLE, SHAP",mayor cumplimiento de monotonicidad
AHU21,AutoEncoder,NonSensitivity,Fidelity,lower,LIME,4.0,1.0,True,"LIME, MAPLE, SHAP",menor sensibilidad a características irrelevantes
AHU21,AutoEncoder,NonSensitivity,Fidelity,lower,MAPLE,4.0,1.0,True,"LIME, MAPLE, SHAP",menor sensibilidad a características irrelevantes
AHU21,AutoEncoder,NonSensitivity,Fidelity,lower,SHAP,4.0,1.0,True,"LIME, MAPLE, SHAP",menor sensibilidad a características irrelevantes
AHU21,AutoEncoder,RelativeInputStability,Robustness,lower,LIME,7.469415459216288e-05,1.0,True,LIME,mayor estabilidad frente a cambios en la entrada
AHU21,AutoEncoder,RelativeInputStability,Robustness,lower,MAPLE,0.0008920617030873001,3.0,False,LIME,mayor estabilidad frente a cambios en la entrada
AHU21,AutoEncoder,RelativeInputStability,Robustness,lower,SHAP,0.00023216409296120003,2.0,False,LIME,mayor estabilidad frente a cambios en la entrada
AHU21,AutoEncoder,RelativeOutputStability,Robustness,lower,LIME,232.39962005360957,1.0,True,LIME,mayor estabilidad relativa en la salida
AHU21,AutoEncoder,RelativeOutputStability,Robustness,lower,MAPLE,2084.89321994431,3.0,False,LIME,mayor estabilidad relativa en la salida
AHU21,AutoEncoder,RelativeOutputStability,Robustness,lower,SHAP,372.6244791747219,2.0,False,LIME,mayor estabilidad relativa en la salida
AHU21,AutoEncoder,Sparseness,Complexity,higher,LIME,0.5343430271187382,3.0,False,MAPLE,atribuciones más concentradas
AHU21,AutoEncoder,Sparseness,Complexity,higher,MAPLE,0.7072879807011061,1.0,True,MAPLE,atribuciones más concentradas
AHU21,AutoEncoder,Sparseness,Complexity,higher,SHAP,0.5453115429687208,2.0,False,MAPLE,atribuciones más concentradas
AHU21,AutoEncoder,Sufficiency,Faithfulness,higher,LIME,0.9021999043519848,2.0,False,SHAP,mayor suficiencia
AHU21,AutoEncoder,Sufficiency,Faithfulness,higher,MAPLE,0.0,3.0,False,SHAP,mayor suficiencia
AHU21,AutoEncoder,Sufficiency,Faithfulness,higher,SHAP,0.9301948051948052,1.0,True,SHAP,mayor suficiencia
AHU21,ECOD,AvgSensitivity,Sensitivity,lower,LIME,1.1490216564305653,2.0,False,MAPLE,menor sensibilidad media
AHU21,ECOD,AvgSensitivity,Sensitivity,lower,MAPLE,0.8061871819402489,1.0,True,MAPLE,menor sensibilidad media
AHU21,ECOD,Completeness,Fidelity,higher,LIME,0.0,1.0,True,"LIME, MAPLE, SHAP",más completo
AHU21,ECOD,Completeness,Fidelity,higher,MAPLE,0.0,1.0,True,"LIME, MAPLE, SHAP",más completo
AHU21,ECOD,Completeness,Fidelity,higher,SHAP,0.0,1.0,True,"LIME, MAPLE, SHAP",más completo
AHU21,ECOD,Complexity,Complexity,lower,LIME,2.678848295943255,3.0,False,MAPLE,explicaciones menos complejas
AHU21,ECOD,Complexity,Complexity,lower,MAPLE,1.9570122712228488,1.0,True,MAPLE,explicaciones menos complejas
AHU21,ECOD,Complexity,Complexity,lower,SHAP,2.4427624650398645,2.0,False,MAPLE,explicaciones menos complejas
AHU21,ECOD,Consistency,Faithfulness,lower,LIME,0.6666666666560846,2.0,False,MAPLE,mayor consistencia
AHU21,ECOD,Consistency,Faithfulness,lower,MAPLE,0.6111111110997943,1.0,True,MAPLE,mayor consistencia
AHU21,ECOD,Consistency,Faithfulness,lower,SHAP,0.6666666666560846,2.0,False,MAPLE,mayor consistencia
AHU21,ECOD,Faithfulness,Faithfulness,higher,LIME,-0.696714130785494,3.0,False,MAPLE,mayor fidelidad
AHU21,ECOD,Faithfulness,Faithfulness,higher,MAPLE,0.19073684235052515,1.0,True,MAPLE,mayor fidelidad
AHU21,ECOD,Faithfulness,Faithfulness,higher,SHAP,-0.4515111574766759,2.0,False,MAPLE,mayor fidelidad
AHU21,ECOD,FaithfulnessEstimate,Faithfulness,higher,LIME,-0.15337478255314804,3.0,False,MAPLE,mayor estimación de fidelidad
AHU21,ECOD,FaithfulnessEstimate,Faithfulness,higher,MAPLE,-0.0020470477633486002,1.0,True,MAPLE,mayor estimación de fidelidad
AHU21,ECOD,FaithfulnessEstimate,Faithfulness,higher,SHAP,-0.027725752840123748,2.0,False,MAPLE,mayor estimación de fidelidad
AHU21,ECOD,LocalLipschitzEstimate,Robustness,lower,LIME,8.651760848459409,3.0,False,MAPLE,mayor estabilidad local
AHU21,ECOD,LocalLipschitzEstimate,Robustness,lower,MAPLE,1.8869926293818844,1.0,True,MAPLE,mayor estabilidad local
AHU21,ECOD,LocalLipschitzEstimate,Robustness,lower,SHAP,7.365367867378717,2.0,False,MAPLE,mayor estabilidad local
AHU21,ECOD,MaxSensitivity,Robustness,lower,LIME,1.5881185942986358,2.0,False,MAPLE,menor sensibilidad máxima
AHU21,ECOD,MaxSensitivity,Robustness,lower,MAPLE,1.4769455350155007,1.0,True,MAPLE,menor sensibilidad máxima
AHU21,ECOD,MaxSensitivity,Robustness,lower,SHAP,2.157144681650559,3.0,False,MAPLE,menor sensibilidad máxima
AHU21,ECOD,Monotonicity,Faithfulness,higher,LIME,1.0,1.0,True,"LIME, MAPLE, SHAP",mayor monotonicidad
AHU21,ECOD,Monotonicity,Faithfulness,higher,MAPLE,1.0,1.0,True,"LIME, MAPLE, SHAP",mayor monotonicidad
AHU21,ECOD,Monotonicity,Faithfulness,higher,SHAP,1.0,1.0,True,"LIME, MAPLE, SHAP",mayor monotonicidad
AHU21,ECOD,MonotonicityCorrelation,Faithfulness,higher,LIME,0.1482843137254902,2.0,False,MAPLE,mayor correlación monotónica
AHU21,ECOD,MonotonicityCorrelation,Faithfulness,higher,MAPLE,0.3125,1.0,True,MAPLE,mayor correlación monotónica
AHU21,ECOD,MonotonicityCorrelation,Faithfulness,higher,SHAP,-0.47794117647058826,3.0,False,MAPLE,mayor correlación monotónica
AHU21,ECOD,MonotonicityMetric,Faithfulness,higher,LIME,0.0,1.0,True,"LIME, MAPLE, SHAP",mayor cumplimiento de monotonicidad
AHU21,ECOD,MonotonicityMetric,Faithfulness,higher,MAPLE,0.0,1.0,True,"LIME, MAPLE, SHAP",mayor cumplimiento de monotonicidad
AHU21,ECOD,MonotonicityMetric,Faithfulness,higher,SHAP,0.0,1.0,True,"LIME, MAPLE, SHAP",mayor cumplimiento de monotonicidad
AHU21,ECOD,NonSensitivity,Fidelity,lower,LIME,4.0,1.0,True,"LIME, SHAP",menor sensibilidad a características irrelevantes
AHU21,ECOD,NonSensitivity,Fidelity,lower,MAPLE,5.0,3.0,False,"LIME, SHAP",menor sensibilidad a características irrelevantes
AHU21,ECOD,NonSensitivity,Fidelity,lower,SHAP,4.0,1.0,True,"LIME, SHAP",menor sensibilidad a características irrelevantes
AHU21,ECOD,RelativeInputStability,Robustness,lower,LIME,9.974439572245467e-05,1.0,True,LIME,mayor estabilidad frente a cambios en la entrada
AHU21,ECOD,RelativeInputStability,Robustness,lower,MAPLE,0.0001109882115149,2.0,False,LIME,mayor estabilidad frente a cambios en la entrada
AHU21,ECOD,RelativeOutputStability,Robustness,lower,LIME,18.39977398804017,1.0,True,LIME,mayor estabilidad relativa en la salida
AHU21,ECOD,RelativeOutputStability,Robustness,lower,MAPLE,22.205557618957588,2.0,False,LIME,mayor estabilidad relativa en la salida
AHU21,ECOD,Sparseness,Complexity,higher,LIME,0.3067597697004509,3.0,False,MAPLE,atribuciones más concentradas
AHU21,ECOD,Sparseness,Complexity,higher,MAPLE,0.6476338901374183,1.0,True,MAPLE,atribuciones más concentradas
AHU21,ECOD,Sparseness,Complexity,higher,SHAP,0.47625033578083154,2.0,False,MAPLE,atribuciones más concentradas
AHU21,ECOD,Sufficiency,Faithfulness,higher,LIME,0.625,2.0,False,SHAP,mayor suficiencia
AHU21,ECOD,Sufficiency,Faithfulness,higher,MAPLE,0.0,3.0,False,SHAP,mayor suficiencia
AHU21,ECOD,Sufficiency,Faithfulness,higher,SHAP,0.702729044834308,1.0,True,SHAP,mayor suficiencia
AHU21,HBOS,AvgSensitivity,Sensitivity,lower,LIME,0.9617639463636793,2.0,False,MAPLE,menor sensibilidad media
AHU21,HBOS,AvgSensitivity,Sensitivity,lower,MAPLE,0.9361583194497032,1.0,True,MAPLE,menor sensibilidad media
AHU21,HBOS,AvgSensitivity,Sensitivity,lower,SHAP,1.0923214093548346,3.0,False,MAPLE,menor sensibilidad media
AHU21,HBOS,Completeness,Fidelity,higher,LIME,0.0,1.0,True,"LIME, MAPLE, SHAP",más completo
AHU21,HBOS,Completeness,Fidelity,higher,MAPLE,0.0,1.0,True,"LIME, MAPLE, SHAP",más completo
AHU21,HBOS,Completeness,Fidelity,higher,SHAP,0.0,1.0,True,"LIME, MAPLE, SHAP",más completo
AHU21,HBOS,Complexity,Complexity,lower,LIME,2.507692378268966,3.0,False,SHAP,explicaciones menos complejas
AHU21,HBOS,Complexity,Complexity,lower,MAPLE,2.501145504617126,2.0,False,SHAP,explicaciones menos complejas
AHU21,HBOS,Complexity,Complexity,lower,SHAP,2.3354848637648216,1.0,True,SHAP,explicaciones menos complejas
AHU21,HBOS,Consistency,Faithfulness,lower,LIME,0.5873015872922651,2.0,False,MAPLE,mayor consistencia
AHU21,HBOS,Consistency,Faithfulness,lower,MAPLE,0.5272727272631406,1.0,True,MAPLE,mayor consistencia
AHU21,HBOS,Consistency,Faithfulness,lower,SHAP,0.5873015872922651,2.0,False,MAPLE,mayor consistencia
AHU21,HBOS,Faithfulness,Faithfulness,higher,LIME,-0.1453175352378252,3.0,False,MAPLE,mayor fidelidad
AHU21,HBOS,Faithfulness,Faithfulness,higher,MAPLE,0.019751540013541652,1.0,True,MAPLE,mayor fidelidad
AHU21,HBOS,Faithfulness,Faithfulness,higher,SHAP,-0.10767334310214854,2.0,False,MAPLE,mayor fidelidad
AHU21,HBOS,FaithfulnessEstimate,Faithfulness,higher,LIME,-0.10765090379580755,2.0,False,MAPLE,mayor estimación de fidelidad
AHU21,HBOS,FaithfulnessEstimate,Faithfulness,higher,MAPLE,-0.0697246435831349,1.0,True,MAPLE,mayor estimación de fidelidad
AHU21,HBOS,FaithfulnessEstimate,Faithfulness,higher,SHAP,-0.2337836507031903,3.0,False,MAPLE,mayor estimación de fidelidad
AHU21,HBOS,LocalLipschitzEstimate,Robustness,lower,LIME,9.605597357015451,3.0,False,MAPLE,mayor estabilidad local
AHU21,HBOS,LocalLipschitzEstimate,Robustness,lower,MAPLE,2.919522445901461,1.0,True,MAPLE,mayor estabilidad local
AHU21,HBOS,LocalLipschitzEstimate,Robustness,lower,SHAP,4.88391459064496,2.0,False,MAPLE,mayor estabilidad local
AHU21,HBOS,MaxSensitivity,Robustness,lower,LIME,1.5142652079404568,1.0,True,LIME,menor sensibilidad máxima
AHU21,HBOS,MaxSensitivity,Robustness,lower,MAPLE,1.6257064250098054,3.0,False,LIME,menor sensibilidad máxima
AHU21,HBOS,MaxSensitivity,Robustness,lower,SHAP,1.616671687389759,2.0,False,LIME,menor sensibilidad máxima
AHU21,HBOS,Monotonicity,Faithfulness,higher,LIME,1.0,1.0,True,"LIME, MAPLE, SHAP",mayor monotonicidad
AHU21,HBOS,Monotonicity,Faithfulness,higher,MAPLE,1.0,1.0,True,"LIME, MAPLE, SHAP",mayor monotonicidad
AHU21,HBOS,Monotonicity,Faithfulness,higher,SHAP,1.0,1.0,True,"LIME, MAPLE, SHAP",mayor monotonicidad
AHU21,HBOS,MonotonicityCorrelation,Faithfulness,higher,LIME,0.01226241800071855,2.0,False,MAPLE,mayor correlación monotónica
AHU21,HBOS,MonotonicityCorrelation,Faithfulness,higher,MAPLE,0.014711143580895151,1.0,True,MAPLE,mayor correlación monotónica
AHU21,HBOS,MonotonicityCorrelation,Faithfulness,higher,SHAP,-0.5282571227653654,3.0,False,MAPLE,mayor correlación monotónica
AHU21,HBOS,MonotonicityMetric,Faithfulness,higher,LIME,0.0,1.0,True,"LIME, MAPLE, SHAP",mayor cumplimiento de monotonicidad
AHU21,HBOS,MonotonicityMetric,Faithfulness,higher,MAPLE,0.0,1.0,True,"LIME, MAPLE, SHAP",mayor cumplimiento de monotonicidad
AHU21,HBOS,MonotonicityMetric,Faithfulness,higher,SHAP,0.0,1.0,True,"LIME, MAPLE, SHAP",mayor cumplimiento de monotonicidad
AHU21,HBOS,NonSensitivity,Fidelity,lower,LIME,6.5,3.0,False,SHAP,menor sensibilidad a características irrelevantes
AHU21,HBOS,NonSensitivity,Fidelity,lower,MAPLE,6.0,2.0,False,SHAP,menor sensibilidad a características irrelevantes
AHU21,HBOS,NonSensitivity,Fidelity,lower,SHAP,5.5,1.0,True,SHAP,menor sensibilidad a características irrelevantes
AHU21,HBOS,RelativeInputStability,Robustness,lower,LIME,0.0001073762084149,1.0,True,LIME,mayor estabilidad frente a cambios en la entrada
AHU21,HBOS,RelativeInputStability,Robustness,lower,MAPLE,0.0001484911618357,2.0,False,LIME,mayor estabilidad frente a cambios en la entrada
AHU21,HBOS,RelativeInputStability,Robustness,lower,SHAP,1.075615485749898,3.0,False,LIME,mayor estabilidad frente a cambios en la entrada
AHU21,HBOS,RelativeOutputStability,Robustness,lower,LIME,191.8810175366061,2.0,False,MAPLE,mayor estabilidad relativa en la salida
AHU21,HBOS,RelativeOutputStability,Robustness,lower,MAPLE,182.4019901016781,1.0,True,MAPLE,mayor estabilidad relativa en la salida
AHU21,HBOS,RelativeOutputStability,Robustness,lower,SHAP,465492.7202710897,3.0,False,MAPLE,mayor estabilidad relativa en la salida
AHU21,HBOS,Sparseness,Complexity,higher,LIME,0.42786212149374386,3.0,False,SHAP,atribuciones más concentradas
AHU21,HBOS,Sparseness,Complexity,higher,MAPLE,0.4332777071325613,2.0,False,SHAP,atribuciones más concentradas
AHU21,HBOS,Sparseness,Complexity,higher,SHAP,0.5333212167887024,1.0,True,SHAP,atribuciones más concentradas
AHU21,HBOS,Sufficiency,Faithfulness,higher,LIME,0.4791304347826087,2.0,False,MAPLE,mayor suficiencia
AHU21,HBOS,Sufficiency,Faithfulness,higher,MAPLE,0.5897435897435898,1.0,True,MAPLE,mayor suficiencia
AHU21,HBOS,Sufficiency,Faithfulness,higher,SHAP,0.0,3.0,False,MAPLE,mayor suficiencia
AHU21,IForest,Completeness,Fidelity,higher,LIME,0.0,1.0,True,LIME,más completo
AHU21,IForest,Complexity,Complexity,lower,LIME,2.511140736547551,1.0,True,LIME,explicaciones menos complejas
AHU21,IForest,Consistency,Faithfulness,lower,LIME,0.6825396825288487,1.0,True,LIME,mayor consistencia
AHU21,IForest,Faithfulness,Faithfulness,higher,LIME,-0.053643127136234606,1.0,True,LIME,mayor fidelidad
AHU21,IForest,FaithfulnessEstimate,Faithfulness,higher,LIME,-0.016006245635325298,1.0,True,LIME,mayor estimación de fidelidad
AHU21,IForest,LocalLipschitzEstimate,Robustness,lower,LIME,9.540279075468344,1.0,True,LIME,mayor estabilidad local
AHU21,IForest,Monotonicity,Faithfulness,higher,LIME,1.0,1.0,True,LIME,mayor monotonicidad
AHU21,IForest,MonotonicityCorrelation,Faithfulness,higher,LIME,0.25490196078431376,1.0,True,LIME,mayor correlación monotónica
AHU21,IForest,MonotonicityMetric,Faithfulness,higher,LIME,0.0,1.0,True,LIME,mayor cumplimiento de monotonicidad
AHU21,IForest,NonSensitivity,Fidelity,lower,LIME,4.0,1.0,True,LIME,menor sensibilidad a características irrelevantes
AHU21,IForest,Sparseness,Complexity,higher,LIME,0.42234109703554223,1.0,True,LIME,atribuciones más concentradas
AHU21,IForest,Sufficiency,Faithfulness,higher,LIME,0.6129406307977736,1.0,True,LIME,mayor suficiencia
AHU21,MCD,AvgSensitivity,Sensitivity,lower,LIME,1.2182942152552267,1.0,True,LIME,menor sensibilidad media
AHU21,MCD,AvgSensitivity,Sensitivity,lower,MAPLE,1.405458263199979,2.0,False,LIME,menor sensibilidad media
AHU21,MCD,AvgSensitivity,Sensitivity,lower,SHAP,2.740218846804307,3.0,False,LIME,menor sensibilidad media
AHU21,MCD,Completeness,Fidelity,higher,LIME,0.0,1.0,True,"LIME, MAPLE, SHAP",más completo
AHU21,MCD,Completeness,Fidelity,higher,MAPLE,0.0,1.0,True,"LIME, MAPLE, SHAP",más completo
AHU21,MCD,Completeness,Fidelity,higher,SHAP,0.0,1.0,True,"LIME, MAPLE, SHAP",más completo
AHU21,MCD,Complexity,Complexity,lower,LIME,0.9441306890971072,2.0,False,SHAP,explicaciones menos complejas
AHU21,MCD,Complexity,Complexity,lower,MAPLE,1.3178941067032248,3.0,False,SHAP,explicaciones menos complejas
AHU21,MCD,Complexity,Complexity,lower,SHAP,0.8261422617170788,1.0,True,SHAP,explicaciones menos complejas
AHU21,MCD,Consistency,Faithfulness,lower,LIME,0.9682539682385992,2.0,False,MAPLE,mayor consistencia
AHU21,MCD,Consistency,Faithfulness,lower,MAPLE,0.9591836734498128,1.0,True,MAPLE,mayor consistencia
AHU21,MCD,Consistency,Faithfulness,lower,SHAP,0.9682539682385992,2.0,False,MAPLE,mayor consistencia
AHU21,MCD,Faithfulness,Faithfulness,higher,LIME,-0.9970717902065349,3.0,False,MAPLE,mayor fidelidad
AHU21,MCD,Faithfulness,Faithfulness,higher,MAPLE,0.2038807582542804,1.0,True,MAPLE,mayor fidelidad
AHU21,MCD,Faithfulness,Faithfulness,higher,SHAP,-0.39726382947311695,2.0,False,MAPLE,mayor fidelidad
AHU21,MCD,FaithfulnessEstimate,Faithfulness,higher,LIME,0.30038857270467856,1.0,True,LIME,mayor estimación de fidelidad
AHU21,MCD,FaithfulnessEstimate,Faithfulness,higher,MAPLE,-0.003842126764563733,3.0,False,LIME,mayor estimación de fidelidad
AHU21,MCD,FaithfulnessEstimate,Faithfulness,higher,SHAP,0.22603483103039596,2.0,False,LIME,mayor estimación de fidelidad
AHU21,MCD,LocalLipschitzEstimate,Robustness,lower,LIME,8.88633288270959,3.0,False,SHAP,mayor estabilidad local
AHU21,MCD,LocalLipschitzEstimate,Robustness,lower,MAPLE,1.6153700261343924,2.0,False,SHAP,mayor estabilidad local
AHU21,MCD,LocalLipschitzEstimate,Robustness,lower,SHAP,0.28396138502026047,1.0,True,SHAP,mayor estabilidad local
AHU21,MCD,MaxSensitivity,Robustness,lower,LIME,2.092429092116893,1.0,True,LIME,menor sensibilidad máxima
AHU21,MCD,MaxSensitivity,Robustness,lower,MAPLE,4.560334869623463,2.0,False,LIME,menor sensibilidad máxima
AHU21,MCD,MaxSensitivity,Robustness,lower,SHAP,11.138995333880084,3.0,False,LIME,menor sensibilidad máxima
AHU21,MCD,Monotonicity,Faithfulness,higher,LIME,1.0,1.0,True,"LIME, MAPLE, SHAP",mayor monotonicidad
AHU21,MCD,Monotonicity,Faithfulness,higher,MAPLE,1.0,1.0,True,"LIME, MAPLE, SHAP",mayor monotonicidad
AHU21,MCD,Monotonicity,Faithfulness,higher,SHAP,1.0,1.0,True,"LIME, MAPLE, SHAP",mayor monotonicidad
AHU21,MCD,MonotonicityCorrelation,Faithfulness,higher,LIME,0.30392156862745096,2.0,False,SHAP,mayor correlación monotónica
AHU21,MCD,MonotonicityCorrelation,Faithfulness,higher,MAPLE,0.29289215686274506,3.0,False,SHAP,mayor correlación monotónica
AHU21,MCD,MonotonicityCorrelation,Faithfulness,higher,SHAP,0.6887254901960785,1.0,True,SHAP,mayor correlación monotónica
AHU21,MCD,MonotonicityMetric,Faithfulness,higher,LIME,0.0,1.0,True,"LIME, MAPLE, SHAP",mayor cumplimiento de monotonicidad
AHU21,MCD,MonotonicityMetric,Faithfulness,higher,MAPLE,0.0,1.0,True,"LIME, MAPLE, SHAP",mayor cumplimiento de monotonicidad
AHU21,MCD,MonotonicityMetric,Faithfulness,higher,SHAP,0.0,1.0,True,"LIME, MAPLE, SHAP",mayor cumplimiento de monotonicidad
AHU21,MCD,NonSensitivity,Fidelity,lower,LIME,5.0,1.0,True,"LIME, MAPLE",menor sensibilidad a características irrelevantes
AHU21,MCD,NonSensitivity,Fidelity,lower,MAPLE,5.0,1.0,True,"LIME, MAPLE",menor sensibilidad a características irrelevantes
AHU21,MCD,NonSensitivity,Fidelity,lower,SHAP,6.0,3.0,False,"LIME, MAPLE",menor sensibilidad a características irrelevantes
AHU21,MCD,RelativeInputStability,Robustness,lower,LIME,0.0015598010224178,2.0,False,SHAP,mayor estabilidad frente a cambios en la entrada
AHU21,MCD,RelativeInputStability,Robustness,lower,MAPLE,2.2379504221239026,3.0,False,SHAP,mayor estabilidad frente a cambios en la entrada
AHU21,MCD,RelativeInputStability,Robustness,lower,SHAP,0.0007328106367834,1.0,True,SHAP,mayor estabilidad frente a cambios en la entrada
AHU21,MCD,RelativeOutputStability,Robustness,lower,LIME,473473.26531867206,2.0,False,SHAP,mayor estabilidad relativa en la salida
AHU21,MCD,RelativeOutputStability,Robustness,lower,MAPLE,665831095.2623578,3.0,False,SHAP,mayor estabilidad relativa en la salida
AHU21,MCD,RelativeOutputStability,Robustness,lower,SHAP,113288.13184724678,1.0,True,SHAP,mayor estabilidad relativa en la salida
AHU21,MCD,Sparseness,Complexity,higher,LIME,0.8615913595037693,2.0,False,SHAP,atribuciones más concentradas
AHU21,MCD,Sparseness,Complexity,higher,MAPLE,0.813275978653845,3.0,False,SHAP,atribuciones más concentradas
AHU21,MCD,Sparseness,Complexity,higher,SHAP,0.8848599882560559,1.0,True,SHAP,atribuciones más concentradas
AHU21,MCD,Sufficiency,Faithfulness,higher,LIME,0.961901306240929,3.0,False,SHAP,mayor suficiencia
AHU21,MCD,Sufficiency,Faithfulness,higher,MAPLE,0.9661016949152542,2.0,False,SHAP,mayor suficiencia
AHU21,MCD,Sufficiency,Faithfulness,higher,SHAP,0.9666666666666668,1.0,True,SHAP,mayor suficiencia
AHU21,VAE,AvgSensitivity,Sensitivity,lower,LIME,1.0775788096181942,3.0,False,MAPLE,menor sensibilidad media
AHU21,VAE,AvgSensitivity,Sensitivity,lower,MAPLE,0.5100694799166983,1.0,True,MAPLE,menor sensibilidad media
AHU21,VAE,AvgSensitivity,Sensitivity,lower,SHAP,1.0235580274094795,2.0,False,MAPLE,menor sensibilidad media
AHU21,VAE,Completeness,Fidelity,higher,LIME,0.0,1.0,True,"LIME, MAPLE, SHAP",más completo
AHU21,VAE,Completeness,Fidelity,higher,MAPLE,0.0,1.0,True,"LIME, MAPLE, SHAP",más completo
AHU21,VAE,Completeness,Fidelity,higher,SHAP,0.0,1.0,True,"LIME, MAPLE, SHAP",más completo
AHU21,VAE,Complexity,Complexity,lower,LIME,2.4189522463290265,3.0,False,MAPLE,explicaciones menos complejas
AHU21,VAE,Complexity,Complexity,lower,MAPLE,1.643943925371313,1.0,True,MAPLE,explicaciones menos complejas
AHU21,VAE,Complexity,Complexity,lower,SHAP,2.2755011484998073,2.0,False,MAPLE,explicaciones menos complejas
AHU21,VAE,Consistency,Faithfulness,lower,LIME,0.999999999984127,2.0,False,MAPLE,mayor consistencia
AHU21,VAE,Consistency,Faithfulness,lower,MAPLE,0.9999999999818182,1.0,True,MAPLE,mayor consistencia
AHU21,VAE,Consistency,Faithfulness,lower,SHAP,0.999999999984127,2.0,False,MAPLE,mayor consistencia
AHU21,VAE,Faithfulness,Faithfulness,higher,LIME,-0.5454230306467736,2.0,False,MAPLE,mayor fidelidad
AHU21,VAE,Faithfulness,Faithfulness,higher,MAPLE,-0.01461943549596995,1.0,True,MAPLE,mayor fidelidad
AHU21,VAE,Faithfulness,Faithfulness,higher,SHAP,-0.6751633566854722,3.0,False,MAPLE,mayor fidelidad
AHU21,VAE,FaithfulnessEstimate,Faithfulness,higher,LIME,-0.0018939544506614506,2.0,False,MAPLE,mayor estimación de fidelidad
AHU21,VAE,FaithfulnessEstimate,Faithfulness,higher,MAPLE,0.004240608830436001,1.0,True,MAPLE,mayor estimación de fidelidad
AHU21,VAE,FaithfulnessEstimate,Faithfulness,higher,SHAP,-0.014747732803121995,3.0,False,MAPLE,mayor estimación de fidelidad
AHU21,VAE,LocalLipschitzEstimate,Robustness,lower,LIME,8.219613609472217,3.0,False,SHAP,mayor estabilidad local
AHU21,VAE,LocalLipschitzEstimate,Robustness,lower,MAPLE,3.1403446529172294,2.0,False,SHAP,mayor estabilidad local
AHU21,VAE,LocalLipschitzEstimate,Robustness,lower,SHAP,1.9856974062996091,1.0,True,SHAP,mayor estabilidad local
AHU21,VAE,MaxSensitivity,Robustness,lower,LIME,1.8463500281190774,2.0,False,MAPLE,menor sensibilidad máxima
AHU21,VAE,MaxSensitivity,Robustness,lower,MAPLE,1.1292412977119384,1.0,True,MAPLE,menor sensibilidad máxima
AHU21,VAE,MaxSensitivity,Robustness,lower,SHAP,2.452007528218135,3.0,False,MAPLE,menor sensibilidad máxima
AHU21,VAE,Monotonicity,Faithfulness,higher,LIME,1.0,1.0,True,"LIME, MAPLE, SHAP",mayor monotonicidad
AHU21,VAE,Monotonicity,Faithfulness,higher,MAPLE,1.0,1.0,True,"LIME, MAPLE, SHAP",mayor monotonicidad
AHU21,VAE,Monotonicity,Faithfulness,higher,SHAP,1.0,1.0,True,"LIME, MAPLE, SHAP",mayor monotonicidad
AHU21,VAE,MonotonicityCorrelation,Faithfulness,higher,LIME,0.2549019607843137,1.0,True,LIME,mayor correlación monotónica
AHU21,VAE,MonotonicityCorrelation,Faithfulness,higher,MAPLE,0.1961986880114975,2.0,False,LIME,mayor correlación monotónica
AHU21,VAE,MonotonicityCorrelation,Faithfulness,higher,SHAP,0.0919117647058823,3.0,False,LIME,mayor correlación monotónica
AHU21,VAE,MonotonicityMetric,Faithfulness,higher,LIME,0.0,1.0,True,"LIME, MAPLE, SHAP",mayor cumplimiento de monotonicidad
AHU21,VAE,MonotonicityMetric,Faithfulness,higher,MAPLE,0.0,1.0,True,"LIME, MAPLE, SHAP",mayor cumplimiento de monotonicidad
AHU21,VAE,MonotonicityMetric,Faithfulness,higher,SHAP,0.0,1.0,True,"LIME, MAPLE, SHAP",mayor cumplimiento de monotonicidad
AHU21,VAE,NonSensitivity,Fidelity,lower,LIME,4.0,1.0,True,"LIME, MAPLE, SHAP",menor sensibilidad a características irrelevantes
AHU21,VAE,NonSensitivity,Fidelity,lower,MAPLE,4.0,1.0,True,"LIME, MAPLE, SHAP",menor sensibilidad a características irrelevantes
AHU21,VAE,NonSensitivity,Fidelity,lower,SHAP,4.0,1.0,True,"LIME, MAPLE, SHAP",menor sensibilidad a características irrelevantes
AHU21,VAE,RelativeInputStability,Robustness,lower,LIME,0.000119071128008,2.0,False,MAPLE,mayor estabilidad frente a cambios en la entrada
AHU21,VAE,RelativeInputStability,Robustness,lower,MAPLE,9.772966571785191e-05,1.0,True,MAPLE,mayor estabilidad frente a cambios en la entrada
AHU21,VAE,RelativeInputStability,Robustness,lower,SHAP,0.0002850895466444,3.0,False,MAPLE,mayor estabilidad frente a cambios en la entrada
AHU21,VAE,RelativeOutputStability,Robustness,lower,LIME,480.644979276515,2.0,False,MAPLE,mayor estabilidad relativa en la salida
AHU21,VAE,RelativeOutputStability,Robustness,lower,MAPLE,384.53740878263307,1.0,True,MAPLE,mayor estabilidad relativa en la salida
AHU21,VAE,RelativeOutputStability,Robustness,lower,SHAP,725.6247205264598,3.0,False,MAPLE,mayor estabilidad relativa en la salida
AHU21,VAE,Sparseness,Complexity,higher,LIME,0.49503037089291413,3.0,False,MAPLE,atribuciones más concentradas
AHU21,VAE,Sparseness,Complexity,higher,MAPLE,0.7432985276145907,1.0,True,MAPLE,atribuciones más concentradas
AHU21,VAE,Sparseness,Complexity,higher,SHAP,0.5534275431668995,2.0,False,MAPLE,atribuciones más concentradas
AHU21,VAE,Sufficiency,Faithfulness,higher,LIME,1.0,1.0,True,"LIME, SHAP",mayor suficiencia
AHU21,VAE,Sufficiency,Faithfulness,higher,MAPLE,0.0,3.0,False,"LIME, SHAP",mayor suficiencia
AHU21,VAE,Sufficiency,Faithfulness,higher,SHAP,1.0,1.0,True,"LIME, SHAP",mayor suficiencia
ARAMIS20,AutoEncoder,AvgSensitivity,Sensitivity,lower,LIME,0.7058735557844437,1.0,True,LIME,menor sensibilidad media
ARAMIS20,AutoEncoder,AvgSensitivity,Sensitivity,lower,MAPLE,0.8903773638763632,3.0,False,LIME,menor sensibilidad media
ARAMIS20,AutoEncoder,AvgSensitivity,Sensitivity,lower,SHAP,0.7615411955523027,2.0,False,LIME,menor sensibilidad media
ARAMIS20,AutoEncoder,Completeness,Fidelity,higher,LIME,0.0,1.0,True,"LIME, MAPLE, SHAP",más completo
ARAMIS20,AutoEncoder,Completeness,Fidelity,higher,MAPLE,0.0,1.0,True,"LIME, MAPLE, SHAP",más completo
ARAMIS20,AutoEncoder,Completeness,Fidelity,higher,SHAP,0.0,1.0,True,"LIME, MAPLE, SHAP",más completo
ARAMIS20,AutoEncoder,Complexity,Complexity,lower,LIME,1.7107924970720243,3.0,False,MAPLE,explicaciones menos complejas
ARAMIS20,AutoEncoder,Complexity,Complexity,lower,MAPLE,1.5841606067108351,1.0,True,MAPLE,explicaciones menos complejas
ARAMIS20,AutoEncoder,Complexity,Complexity,lower,SHAP,1.6323128400569482,2.0,False,MAPLE,explicaciones menos complejas
ARAMIS20,AutoEncoder,Consistency,Faithfulness,lower,LIME,0.9047619047475436,1.0,True,"LIME, MAPLE, SHAP",mayor consistencia
ARAMIS20,AutoEncoder,Consistency,Faithfulness,lower,MAPLE,0.9047619047475436,1.0,True,"LIME, MAPLE, SHAP",mayor consistencia
ARAMIS20,AutoEncoder,Consistency,Faithfulness,lower,SHAP,0.9047619047475436,1.0,True,"LIME, MAPLE, SHAP",mayor consistencia
ARAMIS20,AutoEncoder,Faithfulness,Faithfulness,higher,LIME,0.05629480465847135,1.0,True,LIME,mayor fidelidad
ARAMIS20,AutoEncoder,Faithfulness,Faithfulness,higher,MAPLE,-0.0599641740716853,3.0,False,LIME,mayor fidelidad
ARAMIS20,AutoEncoder,Faithfulness,Faithfulness,higher,SHAP,-0.0292570510506636,2.0,False,LIME,mayor fidelidad
ARAMIS20,AutoEncoder,FaithfulnessEstimate,Faithfulness,higher,LIME,-0.0080960249759206,2.0,False,SHAP,mayor estimación de fidelidad
ARAMIS20,AutoEncoder,FaithfulnessEstimate,Faithfulness,higher,MAPLE,-0.016127887952545397,3.0,False,SHAP,mayor estimación de fidelidad
ARAMIS20,AutoEncoder,FaithfulnessEstimate,Faithfulness,higher,SHAP,0.0230627421484511,1.0,True,SHAP,mayor estimación de fidelidad
ARAMIS20,AutoEncoder,LocalLipschitzEstimate,Robustness,lower,LIME,7.475547395148714,3.0,False,SHAP,mayor estabilidad local
ARAMIS20,AutoEncoder,LocalLipschitzEstimate,Robustness,lower,MAPLE,5.1762387025112355,2.0,False,SHAP,mayor estabilidad local
ARAMIS20,AutoEncoder,LocalLipschitzEstimate,Robustness,lower,SHAP,3.6209279455076153,1.0,True,SHAP,mayor estabilidad local
ARAMIS20,AutoEncoder,MaxSensitivity,Robustness,lower,LIME,1.4817498618230198,2.0,False,SHAP,menor sensibilidad máxima
ARAMIS20,AutoEncoder,MaxSensitivity,Robustness,lower,MAPLE,2.2350004893240873,3.0,False,SHAP,menor sensibilidad máxima
ARAMIS20,AutoEncoder,MaxSensitivity,Robustness,lower,SHAP,1.4488181145805188,1.0,True,SHAP,menor sensibilidad máxima
ARAMIS20,AutoEncoder,Monotonicity,Faithfulness,higher,LIME,1.0,1.0,True,"LIME, MAPLE, SHAP",mayor monotonicidad
ARAMIS20,AutoEncoder,Monotonicity,Faithfulness,higher,MAPLE,1.0,1.0,True,"LIME, MAPLE, SHAP",mayor monotonicidad
ARAMIS20,AutoEncoder,Monotonicity,Faithfulness,higher,SHAP,1.0,1.0,True,"LIME, MAPLE, SHAP",mayor monotonicidad
ARAMIS20,AutoEncoder,MonotonicityCorrelation,Faithfulness,higher,LIME,0.19642857142857145,1.0,True,LIME,mayor correlación monotónica
ARAMIS20,AutoEncoder,MonotonicityCorrelation,Faithfulness,higher,MAPLE,0.15023961205248143,2.0,False,LIME,mayor correlación monotónica
ARAMIS20,AutoEncoder,MonotonicityCorrelation,Faithfulness,higher,SHAP,0.0714285714285714,3.0,False,LIME,mayor correlación monotónica
ARAMIS20,AutoEncoder,MonotonicityMetric,Faithfulness,higher,LIME,0.0,1.0,True,"LIME, MAPLE, SHAP",mayor cumplimiento de monotonicidad
ARAMIS20,AutoEncoder,MonotonicityMetric,Faithfulness,higher,MAPLE,0.0,1.0,True,"LIME, MAPLE, SHAP",mayor cumplimiento de monotonicidad
ARAMIS20,AutoEncoder,MonotonicityMetric,Faithfulness,higher,SHAP,0.0,1.0,True,"LIME, MAPLE, SHAP",mayor cumplimiento de monotonicidad
ARAMIS20,AutoEncoder,NonSensitivity,Fidelity,lower,LIME,1.0,1.0,True,"LIME, MAPLE, SHAP",menor sensibilidad a características irrelevantes
ARAMIS20,AutoEncoder,NonSensitivity,Fidelity,lower,MAPLE,1.0,1.0,True,"LIME, MAPLE, SHAP",menor sensibilidad a características irrelevantes
ARAMIS20,AutoEncoder,NonSensitivity,Fidelity,lower,SHAP,1.0,1.0,True,"LIME, MAPLE, SHAP",menor sensibilidad a características irrelevantes
ARAMIS20,AutoEncoder,RelativeInputStability,Robustness,lower,LIME,2.688061712974849,1.0,True,LIME,mayor estabilidad frente a cambios en la entrada
ARAMIS20,AutoEncoder,RelativeInputStability,Robustness,lower,MAPLE,8.143283306546362,3.0,False,LIME,mayor estabilidad frente a cambios en la entrada
ARAMIS20,AutoEncoder,RelativeInputStability,Robustness,lower,SHAP,2.9856210476967817,2.0,False,LIME,mayor estabilidad frente a cambios en la entrada
ARAMIS20,AutoEncoder,RelativeOutputStability,Robustness,lower,LIME,2283.9306500811213,2.0,False,SHAP,mayor estabilidad relativa en la salida
ARAMIS20,AutoEncoder,RelativeOutputStability,Robustness,lower,MAPLE,7191.43183498213,3.0,False,SHAP,mayor estabilidad relativa en la salida
ARAMIS20,AutoEncoder,RelativeOutputStability,Robustness,lower,SHAP,1514.287320287367,1.0,True,SHAP,mayor estabilidad relativa en la salida
ARAMIS20,AutoEncoder,Sparseness,Complexity,higher,LIME,0.35002123523841805,3.0,False,MAPLE,atribuciones más concentradas
ARAMIS20,AutoEncoder,Sparseness,Complexity,higher,MAPLE,0.44867061953069054,1.0,True,MAPLE,atribuciones más concentradas
ARAMIS20,AutoEncoder,Sparseness,Complexity,higher,SHAP,0.42248585155137625,2.0,False,MAPLE,atribuciones más concentradas
ARAMIS20,AutoEncoder,Sufficiency,Faithfulness,higher,LIME,0.8888888888888888,3.0,False,SHAP,mayor suficiencia
ARAMIS20,AutoEncoder,Sufficiency,Faithfulness,higher,MAPLE,0.9016393442622952,2.0,False,SHAP,mayor suficiencia
ARAMIS20,AutoEncoder,Sufficiency,Faithfulness,higher,SHAP,0.9393877551020408,1.0,True,SHAP,mayor suficiencia
ARAMIS20,ECOD,AvgSensitivity,Sensitivity,lower,LIME,0.7553498950414763,2.0,False,MAPLE,menor sensibilidad media
ARAMIS20,ECOD,AvgSensitivity,Sensitivity,lower,MAPLE,0.7135828271345479,1.0,True,MAPLE,menor sensibilidad media
ARAMIS20,ECOD,AvgSensitivity,Sensitivity,lower,SHAP,1.0200210994600971,3.0,False,MAPLE,menor sensibilidad media
ARAMIS20,ECOD,Completeness,Fidelity,higher,LIME,0.0,1.0,True,"LIME, MAPLE, SHAP",más completo
ARAMIS20,ECOD,Completeness,Fidelity,higher,MAPLE,0.0,1.0,True,"LIME, MAPLE, SHAP",más completo
ARAMIS20,ECOD,Completeness,Fidelity,higher,SHAP,0.0,1.0,True,"LIME, MAPLE, SHAP",más completo
ARAMIS20,ECOD,Complexity,Complexity,lower,LIME,1.9021932129257126,3.0,False,MAPLE,explicaciones menos complejas
ARAMIS20,ECOD,Complexity,Complexity,lower,MAPLE,1.3032467963788437,1.0,True,MAPLE,explicaciones menos complejas
ARAMIS20,ECOD,Complexity,Complexity,lower,SHAP,1.7023440421839693,2.0,False,MAPLE,explicaciones menos complejas
ARAMIS20,ECOD,Consistency,Faithfulness,lower,LIME,0.9047619047475436,1.0,True,"LIME, MAPLE, SHAP",mayor consistencia
ARAMIS20,ECOD,Consistency,Faithfulness,lower,MAPLE,0.9047619047475436,1.0,True,"LIME, MAPLE, SHAP",mayor consistencia
ARAMIS20,ECOD,Consistency,Faithfulness,lower,SHAP,0.9047619047475436,1.0,True,"LIME, MAPLE, SHAP",mayor consistencia
ARAMIS20,ECOD,Faithfulness,Faithfulness,higher,LIME,-0.3654585001856159,2.0,False,MAPLE,mayor fidelidad
ARAMIS20,ECOD,Faithfulness,Faithfulness,higher,MAPLE,0.21417497848222788,1.0,True,MAPLE,mayor fidelidad
ARAMIS20,ECOD,Faithfulness,Faithfulness,higher,SHAP,-0.7104047997037924,3.0,False,MAPLE,mayor fidelidad
ARAMIS20,ECOD,FaithfulnessEstimate,Faithfulness,higher,LIME,-0.02837426280314835,3.0,False,MAPLE,mayor estimación de fidelidad
ARAMIS20,ECOD,FaithfulnessEstimate,Faithfulness,higher,MAPLE,0.06362728734560535,1.0,True,MAPLE,mayor estimación de fidelidad
ARAMIS20,ECOD,FaithfulnessEstimate,Faithfulness,higher,SHAP,0.011115726749005149,2.0,False,MAPLE,mayor estimación de fidelidad
ARAMIS20,ECOD,LocalLipschitzEstimate,Robustness,lower,LIME,12.057818119291142,3.0,False,MAPLE,mayor estabilidad local
ARAMIS20,ECOD,LocalLipschitzEstimate,Robustness,lower,MAPLE,4.05480575173268,1.0,True,MAPLE,mayor estabilidad local
ARAMIS20,ECOD,LocalLipschitzEstimate,Robustness,lower,SHAP,7.251624934125423,2.0,False,MAPLE,mayor estabilidad local
ARAMIS20,ECOD,MaxSensitivity,Robustness,lower,LIME,1.5004163130135857,1.0,True,LIME,menor sensibilidad máxima
ARAMIS20,ECOD,MaxSensitivity,Robustness,lower,MAPLE,1.9944530332661932,3.0,False,LIME,menor sensibilidad máxima
ARAMIS20,ECOD,MaxSensitivity,Robustness,lower,SHAP,1.7684308671088105,2.0,False,LIME,menor sensibilidad máxima
ARAMIS20,ECOD,Monotonicity,Faithfulness,higher,LIME,1.0,1.0,True,"LIME, MAPLE, SHAP",mayor monotonicidad
ARAMIS20,ECOD,Monotonicity,Faithfulness,higher,MAPLE,1.0,1.0,True,"LIME, MAPLE, SHAP",mayor monotonicidad
ARAMIS20,ECOD,Monotonicity,Faithfulness,higher,SHAP,1.0,1.0,True,"LIME, MAPLE, SHAP",mayor monotonicidad
ARAMIS20,ECOD,MonotonicityCorrelation,Faithfulness,higher,LIME,0.33928571428571436,1.0,True,LIME,mayor correlación monotónica
ARAMIS20,ECOD,MonotonicityCorrelation,Faithfulness,higher,MAPLE,0.24325311492780088,3.0,False,LIME,mayor correlación monotónica
ARAMIS20,ECOD,MonotonicityCorrelation,Faithfulness,higher,SHAP,0.3214285714285715,2.0,False,LIME,mayor correlación monotónica
ARAMIS20,ECOD,MonotonicityMetric,Faithfulness,higher,LIME,0.0,1.0,True,"LIME, MAPLE, SHAP",mayor cumplimiento de monotonicidad
ARAMIS20,ECOD,MonotonicityMetric,Faithfulness,higher,MAPLE,0.0,1.0,True,"LIME, MAPLE, SHAP",mayor cumplimiento de monotonicidad
ARAMIS20,ECOD,MonotonicityMetric,Faithfulness,higher,SHAP,0.0,1.0,True,"LIME, MAPLE, SHAP",mayor cumplimiento de monotonicidad
ARAMIS20,ECOD,NonSensitivity,Fidelity,lower,LIME,1.0,1.0,True,"LIME, MAPLE, SHAP",menor sensibilidad a características irrelevantes
ARAMIS20,ECOD,NonSensitivity,Fidelity,lower,MAPLE,1.0,1.0,True,"LIME, MAPLE, SHAP",menor sensibilidad a características irrelevantes
ARAMIS20,ECOD,NonSensitivity,Fidelity,lower,SHAP,1.0,1.0,True,"LIME, MAPLE, SHAP",menor sensibilidad a características irrelevantes
ARAMIS20,ECOD,RelativeInputStability,Robustness,lower,LIME,3.252573971420893,1.0,True,LIME,mayor estabilidad frente a cambios en la entrada
ARAMIS20,ECOD,RelativeInputStability,Robustness,lower,MAPLE,6.770833223786267,3.0,False,LIME,mayor estabilidad frente a cambios en la entrada
ARAMIS20,ECOD,RelativeInputStability,Robustness,lower,SHAP,4.4410488325048805,2.0,False,LIME,mayor estabilidad frente a cambios en la entrada
ARAMIS20,ECOD,RelativeOutputStability,Robustness,lower,LIME,122.49223095821344,2.0,False,SHAP,mayor estabilidad relativa en la salida
ARAMIS20,ECOD,RelativeOutputStability,Robustness,lower,MAPLE,386.1035086614015,3.0,False,SHAP,mayor estabilidad relativa en la salida
ARAMIS20,ECOD,RelativeOutputStability,Robustness,lower,SHAP,105.24005814457855,1.0,True,SHAP,mayor estabilidad relativa en la salida
ARAMIS20,ECOD,Sparseness,Complexity,higher,LIME,0.16163187238625404,3.0,False,MAPLE,atribuciones más concentradas
ARAMIS20,ECOD,Sparseness,Complexity,higher,MAPLE,0.5861938521235508,1.0,True,MAPLE,atribuciones más concentradas
ARAMIS20,ECOD,Sparseness,Complexity,higher,SHAP,0.3686231082310695,2.0,False,MAPLE,atribuciones más concentradas
ARAMIS20,ECOD,Sufficiency,Faithfulness,higher,LIME,0.9069767441860463,2.0,False,SHAP,mayor suficiencia
ARAMIS20,ECOD,Sufficiency,Faithfulness,higher,MAPLE,0.0,3.0,False,SHAP,mayor suficiencia
ARAMIS20,ECOD,Sufficiency,Faithfulness,higher,SHAP,0.9439203354297694,1.0,True,SHAP,mayor suficiencia
ARAMIS20,HBOS,AvgSensitivity,Sensitivity,lower,LIME,0.5406014913402684,1.0,True,LIME,menor sensibilidad media
ARAMIS20,HBOS,AvgSensitivity,Sensitivity,lower,MAPLE,0.5958905261475196,2.0,False,LIME,menor sensibilidad media
ARAMIS20,HBOS,AvgSensitivity,Sensitivity,lower,SHAP,0.7813898634576522,3.0,False,LIME,menor sensibilidad media
ARAMIS20,HBOS,Completeness,Fidelity,higher,LIME,0.0,1.0,True,"LIME, MAPLE, SHAP",más completo
ARAMIS20,HBOS,Completeness,Fidelity,higher,MAPLE,0.0,1.0,True,"LIME, MAPLE, SHAP",más completo
ARAMIS20,HBOS,Completeness,Fidelity,higher,SHAP,0.0,1.0,True,"LIME, MAPLE, SHAP",más completo
ARAMIS20,HBOS,Complexity,Complexity,lower,LIME,1.6289380459927085,3.0,False,MAPLE,explicaciones menos complejas
ARAMIS20,HBOS,Complexity,Complexity,lower,MAPLE,1.4287137301356416,1.0,True,MAPLE,explicaciones menos complejas
ARAMIS20,HBOS,Complexity,Complexity,lower,SHAP,1.57827620588276,2.0,False,MAPLE,explicaciones menos complejas
ARAMIS20,HBOS,Consistency,Faithfulness,lower,LIME,0.4920634920556815,1.0,True,"LIME, MAPLE, SHAP",mayor consistencia
ARAMIS20,HBOS,Consistency,Faithfulness,lower,MAPLE,0.4920634920556815,1.0,True,"LIME, MAPLE, SHAP",mayor consistencia
ARAMIS20,HBOS,Consistency,Faithfulness,lower,SHAP,0.4920634920556815,1.0,True,"LIME, MAPLE, SHAP",mayor consistencia
ARAMIS20,HBOS,Faithfulness,Faithfulness,higher,LIME,0.0472505310245981,2.0,False,MAPLE,mayor fidelidad
ARAMIS20,HBOS,Faithfulness,Faithfulness,higher,MAPLE,0.20152358180392066,1.0,True,MAPLE,mayor fidelidad
ARAMIS20,HBOS,Faithfulness,Faithfulness,higher,SHAP,-0.18012887824314577,3.0,False,MAPLE,mayor fidelidad
ARAMIS20,HBOS,FaithfulnessEstimate,Faithfulness,higher,LIME,-0.10366257615205855,3.0,False,SHAP,mayor estimación de fidelidad
ARAMIS20,HBOS,FaithfulnessEstimate,Faithfulness,higher,MAPLE,-0.0658957169332363,2.0,False,SHAP,mayor estimación de fidelidad
ARAMIS20,HBOS,FaithfulnessEstimate,Faithfulness,higher,SHAP,0.1266808901937679,1.0,True,SHAP,mayor estimación de fidelidad
ARAMIS20,HBOS,LocalLipschitzEstimate,Robustness,lower,LIME,9.317101073256918,3.0,False,MAPLE,mayor estabilidad local
ARAMIS20,HBOS,LocalLipschitzEstimate,Robustness,lower,MAPLE,4.502328964593685,1.0,True,MAPLE,mayor estabilidad local
ARAMIS20,HBOS,LocalLipschitzEstimate,Robustness,lower,SHAP,4.981865108206274,2.0,False,MAPLE,mayor estabilidad local
ARAMIS20,HBOS,MaxSensitivity,Robustness,lower,LIME,1.252957553095838,1.0,True,LIME,menor sensibilidad máxima
ARAMIS20,HBOS,MaxSensitivity,Robustness,lower,MAPLE,1.672077931922753,3.0,False,LIME,menor sensibilidad máxima
ARAMIS20,HBOS,MaxSensitivity,Robustness,lower,SHAP,1.4747313300558287,2.0,False,LIME,menor sensibilidad máxima
ARAMIS20,HBOS,Monotonicity,Faithfulness,higher,LIME,1.0,1.0,True,"LIME, MAPLE, SHAP",mayor monotonicidad
ARAMIS20,HBOS,Monotonicity,Faithfulness,higher,MAPLE,1.0,1.0,True,"LIME, MAPLE, SHAP",mayor monotonicidad
ARAMIS20,HBOS,Monotonicity,Faithfulness,higher,SHAP,1.0,1.0,True,"LIME, MAPLE, SHAP",mayor monotonicidad
ARAMIS20,HBOS,MonotonicityCorrelation,Faithfulness,higher,LIME,0.23214285714285715,3.0,False,SHAP,mayor correlación monotónica
ARAMIS20,HBOS,MonotonicityCorrelation,Faithfulness,higher,MAPLE,0.25,2.0,False,SHAP,mayor correlación monotónica
ARAMIS20,HBOS,MonotonicityCorrelation,Faithfulness,higher,SHAP,0.3571428571428572,1.0,True,SHAP,mayor correlación monotónica
ARAMIS20,HBOS,MonotonicityMetric,Faithfulness,higher,LIME,0.0,1.0,True,"LIME, MAPLE, SHAP",mayor cumplimiento de monotonicidad
ARAMIS20,HBOS,MonotonicityMetric,Faithfulness,higher,MAPLE,0.0,1.0,True,"LIME, MAPLE, SHAP",mayor cumplimiento de monotonicidad
ARAMIS20,HBOS,MonotonicityMetric,Faithfulness,higher,SHAP,0.0,1.0,True,"LIME, MAPLE, SHAP",mayor cumplimiento de monotonicidad
ARAMIS20,HBOS,NonSensitivity,Fidelity,lower,LIME,1.0,1.0,True,"LIME, MAPLE, SHAP",menor sensibilidad a características irrelevantes
ARAMIS20,HBOS,NonSensitivity,Fidelity,lower,MAPLE,1.0,1.0,True,"LIME, MAPLE, SHAP",menor sensibilidad a características irrelevantes
ARAMIS20,HBOS,NonSensitivity,Fidelity,lower,SHAP,1.0,1.0,True,"LIME, MAPLE, SHAP",menor sensibilidad a características irrelevantes
ARAMIS20,HBOS,RelativeInputStability,Robustness,lower,LIME,2.421267316935557,1.0,True,LIME,mayor estabilidad frente a cambios en la entrada
ARAMIS20,HBOS,RelativeInputStability,Robustness,lower,MAPLE,2.705409811922297,2.0,False,LIME,mayor estabilidad frente a cambios en la entrada
ARAMIS20,HBOS,RelativeInputStability,Robustness,lower,SHAP,2.8673881350457484,3.0,False,LIME,mayor estabilidad frente a cambios en la entrada
ARAMIS20,HBOS,RelativeOutputStability,Robustness,lower,LIME,315.1196110650078,3.0,False,MAPLE,mayor estabilidad relativa en la salida
ARAMIS20,HBOS,RelativeOutputStability,Robustness,lower,MAPLE,272.0843542448517,1.0,True,MAPLE,mayor estabilidad relativa en la salida
ARAMIS20,HBOS,RelativeOutputStability,Robustness,lower,SHAP,280.50753971468066,2.0,False,MAPLE,mayor estabilidad relativa en la salida
ARAMIS20,HBOS,Sparseness,Complexity,higher,LIME,0.4214059530085982,3.0,False,MAPLE,atribuciones más concentradas
ARAMIS20,HBOS,Sparseness,Complexity,higher,MAPLE,0.5353244978328975,1.0,True,MAPLE,atribuciones más concentradas
ARAMIS20,HBOS,Sparseness,Complexity,higher,SHAP,0.45191507435542755,2.0,False,MAPLE,atribuciones más concentradas
ARAMIS20,HBOS,Sufficiency,Faithfulness,higher,LIME,0.6505813953488373,1.0,True,LIME,mayor suficiencia
ARAMIS20,HBOS,Sufficiency,Faithfulness,higher,MAPLE,0.5081967213114754,3.0,False,LIME,mayor suficiencia
ARAMIS20,HBOS,Sufficiency,Faithfulness,higher,SHAP,0.54,2.0,False,LIME,mayor suficiencia
ARAMIS20,IForest,AvgSensitivity,Sensitivity,lower,LIME,0.6401215201767109,1.0,True,LIME,menor sensibilidad media
ARAMIS20,IForest,AvgSensitivity,Sensitivity,lower,MAPLE,0.6534900849949696,2.0,False,LIME,menor sensibilidad media
ARAMIS20,IForest,AvgSensitivity,Sensitivity,lower,SHAP,1.1130652156915377,3.0,False,LIME,menor sensibilidad media
ARAMIS20,IForest,Completeness,Fidelity,higher,LIME,0.0,1.0,True,"LIME, MAPLE, SHAP",más completo
ARAMIS20,IForest,Completeness,Fidelity,higher,MAPLE,0.0,1.0,True,"LIME, MAPLE, SHAP",más completo
ARAMIS20,IForest,Completeness,Fidelity,higher,SHAP,0.0,1.0,True,"LIME, MAPLE, SHAP",más completo
ARAMIS20,IForest,Complexity,Complexity,lower,LIME,1.7465815143670576,3.0,False,MAPLE,explicaciones menos complejas
ARAMIS20,IForest,Complexity,Complexity,lower,MAPLE,1.3891381502118794,1.0,True,MAPLE,explicaciones menos complejas
ARAMIS20,IForest,Complexity,Complexity,lower,SHAP,1.660568797805212,2.0,False,MAPLE,explicaciones menos complejas
ARAMIS20,IForest,Consistency,Faithfulness,lower,LIME,0.9047619047475436,1.0,True,"LIME, MAPLE, SHAP",mayor consistencia
ARAMIS20,IForest,Consistency,Faithfulness,lower,MAPLE,0.9047619047475436,1.0,True,"LIME, MAPLE, SHAP",mayor consistencia
ARAMIS20,IForest,Consistency,Faithfulness,lower,SHAP,0.9047619047475436,1.0,True,"LIME, MAPLE, SHAP",mayor consistencia
ARAMIS20,IForest,Faithfulness,Faithfulness,higher,LIME,0.16154485326136436,1.0,True,LIME,mayor fidelidad
ARAMIS20,IForest,Faithfulness,Faithfulness,higher,MAPLE,-0.19928195667748574,3.0,False,LIME,mayor fidelidad
ARAMIS20,IForest,Faithfulness,Faithfulness,higher,SHAP,-0.0423516037695923,2.0,False,LIME,mayor fidelidad
ARAMIS20,IForest,FaithfulnessEstimate,Faithfulness,higher,LIME,-0.2269475186098574,3.0,False,SHAP,mayor estimación de fidelidad
ARAMIS20,IForest,FaithfulnessEstimate,Faithfulness,higher,MAPLE,-0.14787412597409866,2.0,False,SHAP,mayor estimación de fidelidad
ARAMIS20,IForest,FaithfulnessEstimate,Faithfulness,higher,SHAP,-0.0897004259188702,1.0,True,SHAP,mayor estimación de fidelidad
ARAMIS20,IForest,LocalLipschitzEstimate,Robustness,lower,LIME,9.579883751618725,3.0,False,SHAP,mayor estabilidad local
ARAMIS20,IForest,LocalLipschitzEstimate,Robustness,lower,MAPLE,3.68989052377552,2.0,False,SHAP,mayor estabilidad local
ARAMIS20,IForest,LocalLipschitzEstimate,Robustness,lower,SHAP,3.4884769894575474,1.0,True,SHAP,mayor estabilidad local
ARAMIS20,IForest,MaxSensitivity,Robustness,lower,LIME,1.3290202382368275,1.0,True,LIME,menor sensibilidad máxima
ARAMIS20,IForest,MaxSensitivity,Robustness,lower,MAPLE,1.6003845336158449,2.0,False,LIME,menor sensibilidad máxima
ARAMIS20,IForest,MaxSensitivity,Robustness,lower,SHAP,1.8621409568501348,3.0,False,LIME,menor sensibilidad máxima
ARAMIS20,IForest,Monotonicity,Faithfulness,higher,LIME,1.0,1.0,True,"LIME, MAPLE, SHAP",mayor monotonicidad
ARAMIS20,IForest,Monotonicity,Faithfulness,higher,MAPLE,1.0,1.0,True,"LIME, MAPLE, SHAP",mayor monotonicidad
ARAMIS20,IForest,Monotonicity,Faithfulness,higher,SHAP,1.0,1.0,True,"LIME, MAPLE, SHAP",mayor monotonicidad
ARAMIS20,IForest,MonotonicityCorrelation,Faithfulness,higher,LIME,0.2142857142857143,2.0,False,MAPLE,mayor correlación monotónica
ARAMIS20,IForest,MonotonicityCorrelation,Faithfulness,higher,MAPLE,0.3035714285714286,1.0,True,MAPLE,mayor correlación monotónica
ARAMIS20,IForest,MonotonicityCorrelation,Faithfulness,higher,SHAP,0.0,3.0,False,MAPLE,mayor correlación monotónica
ARAMIS20,IForest,MonotonicityMetric,Faithfulness,higher,LIME,0.0,1.0,True,"LIME, MAPLE, SHAP",mayor cumplimiento de monotonicidad
ARAMIS20,IForest,MonotonicityMetric,Faithfulness,higher,MAPLE,0.0,1.0,True,"LIME, MAPLE, SHAP",mayor cumplimiento de monotonicidad
ARAMIS20,IForest,MonotonicityMetric,Faithfulness,higher,SHAP,0.0,1.0,True,"LIME, MAPLE, SHAP",mayor cumplimiento de monotonicidad
ARAMIS20,IForest,NonSensitivity,Fidelity,lower,LIME,1.0,1.0,True,"LIME, MAPLE, SHAP",menor sensibilidad a características irrelevantes
ARAMIS20,IForest,NonSensitivity,Fidelity,lower,MAPLE,1.0,1.0,True,"LIME, MAPLE, SHAP",menor sensibilidad a características irrelevantes
ARAMIS20,IForest,NonSensitivity,Fidelity,lower,SHAP,1.0,1.0,True,"LIME, MAPLE, SHAP",menor sensibilidad a características irrelevantes
ARAMIS20,IForest,RelativeInputStability,Robustness,lower,LIME,2.209163841665959,2.0,False,MAPLE,mayor estabilidad frente a cambios en la entrada
ARAMIS20,IForest,RelativeInputStability,Robustness,lower,MAPLE,0.9463022778085628,1.0,True,MAPLE,mayor estabilidad frente a cambios en la entrada
ARAMIS20,IForest,RelativeInputStability,Robustness,lower,SHAP,4.492954896415085,3.0,False,MAPLE,mayor estabilidad frente a cambios en la entrada
ARAMIS20,IForest,RelativeOutputStability,Robustness,lower,LIME,262.05205919709397,3.0,False,MAPLE,mayor estabilidad relativa en la salida
ARAMIS20,IForest,RelativeOutputStability,Robustness,lower,MAPLE,12.52258897425532,1.0,True,MAPLE,mayor estabilidad relativa en la salida
ARAMIS20,IForest,RelativeOutputStability,Robustness,lower,SHAP,44.18513451587485,2.0,False,MAPLE,mayor estabilidad relativa en la salida
ARAMIS20,IForest,Sparseness,Complexity,higher,LIME,0.3213677883749466,3.0,False,MAPLE,atribuciones más concentradas
ARAMIS20,IForest,Sparseness,Complexity,higher,MAPLE,0.5261729329843792,1.0,True,MAPLE,atribuciones más concentradas
ARAMIS20,IForest,Sparseness,Complexity,higher,SHAP,0.39426889024405165,2.0,False,MAPLE,atribuciones más concentradas
ARAMIS20,IForest,Sufficiency,Faithfulness,higher,LIME,0.9272486772486773,2.0,False,SHAP,mayor suficiencia
ARAMIS20,IForest,Sufficiency,Faithfulness,higher,MAPLE,0.9,3.0,False,SHAP,mayor suficiencia
ARAMIS20,IForest,Sufficiency,Faithfulness,higher,SHAP,0.9482758620689656,1.0,True,SHAP,mayor suficiencia
ARAMIS20,MCD,AvgSensitivity,Sensitivity,lower,LIME,0.6834918934715688,2.0,False,MAPLE,menor sensibilidad media
ARAMIS20,MCD,AvgSensitivity,Sensitivity,lower,MAPLE,0.48784545973093185,1.0,True,MAPLE,menor sensibilidad media
ARAMIS20,MCD,AvgSensitivity,Sensitivity,lower,SHAP,1.8186180381414174,3.0,False,MAPLE,menor sensibilidad media
ARAMIS20,MCD,Completeness,Fidelity,higher,LIME,0.0,1.0,True,"LIME, MAPLE, SHAP",más completo
ARAMIS20,MCD,Completeness,Fidelity,higher,MAPLE,0.0,1.0,True,"LIME, MAPLE, SHAP",más completo
ARAMIS20,MCD,Completeness,Fidelity,higher,SHAP,0.0,1.0,True,"LIME, MAPLE, SHAP",más completo
ARAMIS20,MCD,Complexity,Complexity,lower,LIME,1.550319701892144,2.0,False,MAPLE,explicaciones menos complejas
ARAMIS20,MCD,Complexity,Complexity,lower,MAPLE,1.418923599349402,1.0,True,MAPLE,explicaciones menos complejas
ARAMIS20,MCD,Complexity,Complexity,lower,SHAP,1.5771768742159273,3.0,False,MAPLE,explicaciones menos complejas
ARAMIS20,MCD,Consistency,Faithfulness,lower,LIME,0.9047619047475436,1.0,True,"LIME, MAPLE, SHAP",mayor consistencia
ARAMIS20,MCD,Consistency,Faithfulness,lower,MAPLE,0.9047619047475436,1.0,True,"LIME, MAPLE, SHAP",mayor consistencia
ARAMIS20,MCD,Consistency,Faithfulness,lower,SHAP,0.9047619047475436,1.0,True,"LIME, MAPLE, SHAP",mayor consistencia
ARAMIS20,MCD,Faithfulness,Faithfulness,higher,LIME,-0.434519475102066,2.0,False,MAPLE,mayor fidelidad
ARAMIS20,MCD,Faithfulness,Faithfulness,higher,MAPLE,-0.039124479214119656,1.0,True,MAPLE,mayor fidelidad
ARAMIS20,MCD,Faithfulness,Faithfulness,higher,SHAP,-0.8567072829971594,3.0,False,MAPLE,mayor fidelidad
ARAMIS20,MCD,FaithfulnessEstimate,Faithfulness,higher,LIME,-0.3678436221406624,3.0,False,MAPLE,mayor estimación de fidelidad
ARAMIS20,MCD,FaithfulnessEstimate,Faithfulness,higher,MAPLE,0.1140691502874632,1.0,True,MAPLE,mayor estimación de fidelidad
ARAMIS20,MCD,FaithfulnessEstimate,Faithfulness,higher,SHAP,0.05032727756548745,2.0,False,MAPLE,mayor estimación de fidelidad
ARAMIS20,MCD,LocalLipschitzEstimate,Robustness,lower,LIME,7.957597774798579,3.0,False,SHAP,mayor estabilidad local
ARAMIS20,MCD,LocalLipschitzEstimate,Robustness,lower,MAPLE,3.141188151549322,2.0,False,SHAP,mayor estabilidad local
ARAMIS20,MCD,LocalLipschitzEstimate,Robustness,lower,SHAP,0.9170539736369494,1.0,True,SHAP,mayor estabilidad local
ARAMIS20,MCD,MaxSensitivity,Robustness,lower,LIME,1.4654497959749082,2.0,False,MAPLE,menor sensibilidad máxima
ARAMIS20,MCD,MaxSensitivity,Robustness,lower,MAPLE,1.1071879480509002,1.0,True,MAPLE,menor sensibilidad máxima
ARAMIS20,MCD,MaxSensitivity,Robustness,lower,SHAP,5.561864050660553,3.0,False,MAPLE,menor sensibilidad máxima
ARAMIS20,MCD,Monotonicity,Faithfulness,higher,LIME,1.0,1.0,True,"LIME, MAPLE, SHAP",mayor monotonicidad
ARAMIS20,MCD,Monotonicity,Faithfulness,higher,MAPLE,1.0,1.0,True,"LIME, MAPLE, SHAP",mayor monotonicidad
ARAMIS20,MCD,Monotonicity,Faithfulness,higher,SHAP,1.0,1.0,True,"LIME, MAPLE, SHAP",mayor monotonicidad
ARAMIS20,MCD,MonotonicityCorrelation,Faithfulness,higher,LIME,0.33928571428571436,3.0,False,SHAP,mayor correlación monotónica
ARAMIS20,MCD,MonotonicityCorrelation,Faithfulness,higher,MAPLE,0.5714285714285715,2.0,False,SHAP,mayor correlación monotónica
ARAMIS20,MCD,MonotonicityCorrelation,Faithfulness,higher,SHAP,0.6785714285714287,1.0,True,SHAP,mayor correlación monotónica
ARAMIS20,MCD,MonotonicityMetric,Faithfulness,higher,LIME,0.0,1.0,True,"LIME, MAPLE, SHAP",mayor cumplimiento de monotonicidad
ARAMIS20,MCD,MonotonicityMetric,Faithfulness,higher,MAPLE,0.0,1.0,True,"LIME, MAPLE, SHAP",mayor cumplimiento de monotonicidad
ARAMIS20,MCD,MonotonicityMetric,Faithfulness,higher,SHAP,0.0,1.0,True,"LIME, MAPLE, SHAP",mayor cumplimiento de monotonicidad
ARAMIS20,MCD,NonSensitivity,Fidelity,lower,LIME,1.0,1.0,True,"LIME, MAPLE, SHAP",menor sensibilidad a características irrelevantes
ARAMIS20,MCD,NonSensitivity,Fidelity,lower,MAPLE,1.0,1.0,True,"LIME, MAPLE, SHAP",menor sensibilidad a características irrelevantes
ARAMIS20,MCD,NonSensitivity,Fidelity,lower,SHAP,1.0,1.0,True,"LIME, MAPLE, SHAP",menor sensibilidad a características irrelevantes
ARAMIS20,MCD,RelativeInputStability,Robustness,lower,LIME,4.683625459967659,1.0,True,LIME,mayor estabilidad frente a cambios en la entrada
ARAMIS20,MCD,RelativeInputStability,Robustness,lower,MAPLE,6.82297153998093,2.0,False,LIME,mayor estabilidad frente a cambios en la entrada
ARAMIS20,MCD,RelativeInputStability,Robustness,lower,SHAP,8.479804752370148,3.0,False,LIME,mayor estabilidad frente a cambios en la entrada
ARAMIS20,MCD,RelativeOutputStability,Robustness,lower,LIME,11037.646483514716,2.0,False,SHAP,mayor estabilidad relativa en la salida
ARAMIS20,MCD,RelativeOutputStability,Robustness,lower,MAPLE,15732.742124865605,3.0,False,SHAP,mayor estabilidad relativa en la salida
ARAMIS20,MCD,RelativeOutputStability,Robustness,lower,SHAP,10112.21477728881,1.0,True,SHAP,mayor estabilidad relativa en la salida
ARAMIS20,MCD,Sparseness,Complexity,higher,LIME,0.47270483867524327,2.0,False,MAPLE,atribuciones más concentradas
ARAMIS20,MCD,Sparseness,Complexity,higher,MAPLE,0.5259676604468795,1.0,True,MAPLE,atribuciones más concentradas
ARAMIS20,MCD,Sparseness,Complexity,higher,SHAP,0.4545334453303292,3.0,False,MAPLE,atribuciones más concentradas
ARAMIS20,MCD,Sufficiency,Faithfulness,higher,LIME,0.975609756097561,2.0,False,SHAP,mayor suficiencia
ARAMIS20,MCD,Sufficiency,Faithfulness,higher,MAPLE,0.95,3.0,False,SHAP,mayor suficiencia
ARAMIS20,MCD,Sufficiency,Faithfulness,higher,SHAP,0.9824561403508772,1.0,True,SHAP,mayor suficiencia
ARAMIS20,VAE,AvgSensitivity,Sensitivity,lower,LIME,0.7525075480850338,1.0,True,LIME,menor sensibilidad media
ARAMIS20,VAE,AvgSensitivity,Sensitivity,lower,MAPLE,0.9886260764503152,2.0,False,LIME,menor sensibilidad media
ARAMIS20,VAE,AvgSensitivity,Sensitivity,lower,SHAP,2.0730656183285188,3.0,False,LIME,menor sensibilidad media
ARAMIS20,VAE,Completeness,Fidelity,higher,LIME,0.0,1.0,True,"LIME, MAPLE, SHAP",más completo
ARAMIS20,VAE,Completeness,Fidelity,higher,MAPLE,0.0,1.0,True,"LIME, MAPLE, SHAP",más completo
ARAMIS20,VAE,Completeness,Fidelity,higher,SHAP,0.0,1.0,True,"LIME, MAPLE, SHAP",más completo
ARAMIS20,VAE,Complexity,Complexity,lower,LIME,1.6448410855419537,3.0,False,MAPLE,explicaciones menos complejas
ARAMIS20,VAE,Complexity,Complexity,lower,MAPLE,1.5215854504088602,1.0,True,MAPLE,explicaciones menos complejas
ARAMIS20,VAE,Complexity,Complexity,lower,SHAP,1.599496764664702,2.0,False,MAPLE,explicaciones menos complejas
ARAMIS20,VAE,Consistency,Faithfulness,lower,LIME,0.9206349206203074,1.0,True,"LIME, MAPLE, SHAP",mayor consistencia
ARAMIS20,VAE,Consistency,Faithfulness,lower,MAPLE,0.9206349206203074,1.0,True,"LIME, MAPLE, SHAP",mayor consistencia
ARAMIS20,VAE,Consistency,Faithfulness,lower,SHAP,0.9206349206203074,1.0,True,"LIME, MAPLE, SHAP",mayor consistencia
ARAMIS20,VAE,Faithfulness,Faithfulness,higher,LIME,0.05290198366801345,2.0,False,MAPLE,mayor fidelidad
ARAMIS20,VAE,Faithfulness,Faithfulness,higher,MAPLE,0.16474117248659698,1.0,True,MAPLE,mayor fidelidad
ARAMIS20,VAE,Faithfulness,Faithfulness,higher,SHAP,-0.18606641490676834,3.0,False,MAPLE,mayor fidelidad
ARAMIS20,VAE,FaithfulnessEstimate,Faithfulness,higher,LIME,-0.1072977489010863,3.0,False,SHAP,mayor estimación de fidelidad
ARAMIS20,VAE,FaithfulnessEstimate,Faithfulness,higher,MAPLE,-0.080416484557565,2.0,False,SHAP,mayor estimación de fidelidad
ARAMIS20,VAE,FaithfulnessEstimate,Faithfulness,higher,SHAP,0.1225304943535282,1.0,True,SHAP,mayor estimación de fidelidad
ARAMIS20,VAE,LocalLipschitzEstimate,Robustness,lower,LIME,7.513402273931065,3.0,False,SHAP,mayor estabilidad local
ARAMIS20,VAE,LocalLipschitzEstimate,Robustness,lower,MAPLE,3.5430264623785366,2.0,False,SHAP,mayor estabilidad local
ARAMIS20,VAE,LocalLipschitzEstimate,Robustness,lower,SHAP,2.5080528661085095,1.0,True,SHAP,mayor estabilidad local
ARAMIS20,VAE,MaxSensitivity,Robustness,lower,LIME,1.3900403930838832,1.0,True,LIME,menor sensibilidad máxima
ARAMIS20,VAE,MaxSensitivity,Robustness,lower,MAPLE,2.067687962942088,2.0,False,LIME,menor sensibilidad máxima
ARAMIS20,VAE,MaxSensitivity,Robustness,lower,SHAP,5.077691383647304,3.0,False,LIME,menor sensibilidad máxima
ARAMIS20,VAE,Monotonicity,Faithfulness,higher,LIME,0.0,1.0,True,"LIME, MAPLE, SHAP",mayor monotonicidad
ARAMIS20,VAE,Monotonicity,Faithfulness,higher,MAPLE,0.0,1.0,True,"LIME, MAPLE, SHAP",mayor monotonicidad
ARAMIS20,VAE,Monotonicity,Faithfulness,higher,SHAP,0.0,1.0,True,"LIME, MAPLE, SHAP",mayor monotonicidad
ARAMIS20,VAE,MonotonicityCorrelation,Faithfulness,higher,LIME,0.0714285714285714,2.0,False,MAPLE,mayor correlación monotónica
ARAMIS20,VAE,MonotonicityCorrelation,Faithfulness,higher,MAPLE,0.3571428571428572,1.0,True,MAPLE,mayor correlación monotónica
ARAMIS20,VAE,MonotonicityCorrelation,Faithfulness,higher,SHAP,0.05357142857142855,3.0,False,MAPLE,mayor correlación monotónica
ARAMIS20,VAE,MonotonicityMetric,Faithfulness,higher,LIME,0.0,1.0,True,"LIME, MAPLE, SHAP",mayor cumplimiento de monotonicidad
ARAMIS20,VAE,MonotonicityMetric,Faithfulness,higher,MAPLE,0.0,1.0,True,"LIME, MAPLE, SHAP",mayor cumplimiento de monotonicidad
ARAMIS20,VAE,MonotonicityMetric,Faithfulness,higher,SHAP,0.0,1.0,True,"LIME, MAPLE, SHAP",mayor cumplimiento de monotonicidad
ARAMIS20,VAE,NonSensitivity,Fidelity,lower,LIME,0.0,1.0,True,"LIME, MAPLE, SHAP",menor sensibilidad a características irrelevantes
ARAMIS20,VAE,NonSensitivity,Fidelity,lower,MAPLE,0.0,1.0,True,"LIME, MAPLE, SHAP",menor sensibilidad a características irrelevantes
ARAMIS20,VAE,NonSensitivity,Fidelity,lower,SHAP,0.0,1.0,True,"LIME, MAPLE, SHAP",menor sensibilidad a características irrelevantes
ARAMIS20,VAE,RelativeInputStability,Robustness,lower,LIME,8.60613383875464,1.0,True,LIME,mayor estabilidad frente a cambios en la entrada
ARAMIS20,VAE,RelativeInputStability,Robustness,lower,MAPLE,20.969058883861912,3.0,False,LIME,mayor estabilidad frente a cambios en la entrada
ARAMIS20,VAE,RelativeInputStability,Robustness,lower,SHAP,20.53269444058442,2.0,False,LIME,mayor estabilidad frente a cambios en la entrada
ARAMIS20,VAE,RelativeOutputStability,Robustness,lower,LIME,355.18783424789234,1.0,True,LIME,mayor estabilidad relativa en la salida
ARAMIS20,VAE,RelativeOutputStability,Robustness,lower,MAPLE,929.9282768108347,3.0,False,LIME,mayor estabilidad relativa en la salida
ARAMIS20,VAE,RelativeOutputStability,Robustness,lower,SHAP,477.7786225350942,2.0,False,LIME,mayor estabilidad relativa en la salida
ARAMIS20,VAE,Sparseness,Complexity,higher,LIME,0.4182307274335201,3.0,False,MAPLE,atribuciones más concentradas
ARAMIS20,VAE,Sparseness,Complexity,higher,MAPLE,0.48053769309412153,1.0,True,MAPLE,atribuciones más concentradas
ARAMIS20,VAE,Sparseness,Complexity,higher,SHAP,0.4403677828163812,2.0,False,MAPLE,atribuciones más concentradas
ARAMIS20,VAE,Sufficiency,Faithfulness,higher,LIME,0.9473684210526316,3.0,False,SHAP,mayor suficiencia
ARAMIS20,VAE,Sufficiency,Faithfulness,higher,MAPLE,0.9666666666666668,2.0,False,SHAP,mayor suficiencia
ARAMIS20,VAE,Sufficiency,Faithfulness,higher,SHAP,1.0,1.0,True,SHAP,mayor suficiencia
MetroPT3,AutoEncoder,AvgSensitivity,Sensitivity,lower,LIME,1.1904218455273765,3.0,False,SHAP,menor sensibilidad media
MetroPT3,AutoEncoder,AvgSensitivity,Sensitivity,lower,MAPLE,1.0679665973524215,2.0,False,SHAP,menor sensibilidad media
MetroPT3,AutoEncoder,AvgSensitivity,Sensitivity,lower,SHAP,0.3624479031531299,1.0,True,SHAP,menor sensibilidad media
MetroPT3,AutoEncoder,Completeness,Fidelity,higher,LIME,0.0,1.0,True,"LIME, MAPLE, SHAP",más completo
MetroPT3,AutoEncoder,Completeness,Fidelity,higher,MAPLE,0.0,1.0,True,"LIME, MAPLE, SHAP",más completo
MetroPT3,AutoEncoder,Completeness,Fidelity,higher,SHAP,0.0,1.0,True,"LIME, MAPLE, SHAP",más completo
MetroPT3,AutoEncoder,Complexity,Complexity,lower,LIME,0.9600521171278884,1.0,True,LIME,explicaciones menos complejas
MetroPT3,AutoEncoder,Complexity,Complexity,lower,MAPLE,1.9921880321565817,3.0,False,LIME,explicaciones menos complejas
MetroPT3,AutoEncoder,Complexity,Complexity,lower,SHAP,1.4018757345902992,2.0,False,LIME,explicaciones menos complejas
MetroPT3,AutoEncoder,Consistency,Faithfulness,lower,LIME,0.9024390243682332,1.0,True,"LIME, MAPLE, SHAP",mayor consistencia
MetroPT3,AutoEncoder,Consistency,Faithfulness,lower,MAPLE,0.9024390243682332,1.0,True,"LIME, MAPLE, SHAP",mayor consistencia
MetroPT3,AutoEncoder,Consistency,Faithfulness,lower,SHAP,0.9024390243682332,1.0,True,"LIME, MAPLE, SHAP",mayor consistencia
MetroPT3,AutoEncoder,Faithfulness,Faithfulness,higher,LIME,-0.21783393777130233,2.0,False,MAPLE,mayor fidelidad
MetroPT3,AutoEncoder,Faithfulness,Faithfulness,higher,MAPLE,-0.19798015929403956,1.0,True,MAPLE,mayor fidelidad
MetroPT3,AutoEncoder,Faithfulness,Faithfulness,higher,SHAP,-0.7348332558182522,3.0,False,MAPLE,mayor fidelidad
MetroPT3,AutoEncoder,FaithfulnessEstimate,Faithfulness,higher,LIME,-0.0637650188787911,2.0,False,MAPLE,mayor estimación de fidelidad
MetroPT3,AutoEncoder,FaithfulnessEstimate,Faithfulness,higher,MAPLE,0.07625341352294776,1.0,True,MAPLE,mayor estimación de fidelidad
MetroPT3,AutoEncoder,FaithfulnessEstimate,Faithfulness,higher,SHAP,-0.1537761019403564,3.0,False,MAPLE,mayor estimación de fidelidad
MetroPT3,AutoEncoder,LocalLipschitzEstimate,Robustness,lower,LIME,11.819730498758235,3.0,False,SHAP,mayor estabilidad local
MetroPT3,AutoEncoder,LocalLipschitzEstimate,Robustness,lower,MAPLE,6.817074657574935,2.0,False,SHAP,mayor estabilidad local
MetroPT3,AutoEncoder,LocalLipschitzEstimate,Robustness,lower,SHAP,1.3917774682677178,1.0,True,SHAP,mayor estabilidad local
MetroPT3,AutoEncoder,MaxSensitivity,Robustness,lower,LIME,2.073257249419213,3.0,False,SHAP,menor sensibilidad máxima
MetroPT3,AutoEncoder,MaxSensitivity,Robustness,lower,MAPLE,1.549375508570928,2.0,False,SHAP,menor sensibilidad máxima
MetroPT3,AutoEncoder,MaxSensitivity,Robustness,lower,SHAP,0.6117930962074443,1.0,True,SHAP,menor sensibilidad máxima
MetroPT3,AutoEncoder,Monotonicity,Faithfulness,higher,LIME,1.0,1.0,True,"LIME, MAPLE, SHAP",mayor monotonicidad
MetroPT3,AutoEncoder,Monotonicity,Faithfulness,higher,MAPLE,1.0,1.0,True,"LIME, MAPLE, SHAP",mayor monotonicidad
MetroPT3,AutoEncoder,Monotonicity,Faithfulness,higher,SHAP,1.0,1.0,True,"LIME, MAPLE, SHAP",mayor monotonicidad
MetroPT3,AutoEncoder,MonotonicityCorrelation,Faithfulness,higher,LIME,0.2126038358234456,2.0,False,MAPLE,mayor correlación monotónica
MetroPT3,AutoEncoder,MonotonicityCorrelation,Faithfulness,higher,MAPLE,0.39999999999999997,1.0,True,MAPLE,mayor correlación monotónica
MetroPT3,AutoEncoder,MonotonicityCorrelation,Faithfulness,higher,SHAP,-0.0394492875225231,3.0,False,MAPLE,mayor correlación monotónica
MetroPT3,AutoEncoder,MonotonicityMetric,Faithfulness,higher,LIME,0.0,1.0,True,"LIME, MAPLE, SHAP",mayor cumplimiento de monotonicidad
MetroPT3,AutoEncoder,MonotonicityMetric,Faithfulness,higher,MAPLE,0.0,1.0,True,"LIME, MAPLE, SHAP",mayor cumplimiento de monotonicidad
MetroPT3,AutoEncoder,MonotonicityMetric,Faithfulness,higher,SHAP,0.0,1.0,True,"LIME, MAPLE, SHAP",mayor cumplimiento de monotonicidad
MetroPT3,AutoEncoder,NonSensitivity,Fidelity,lower,LIME,5.0,3.0,False,MAPLE,menor sensibilidad a características irrelevantes
MetroPT3,AutoEncoder,NonSensitivity,Fidelity,lower,MAPLE,2.0,1.0,True,MAPLE,menor sensibilidad a características irrelevantes
MetroPT3,AutoEncoder,NonSensitivity,Fidelity,lower,SHAP,3.5,2.0,False,MAPLE,menor sensibilidad a características irrelevantes
MetroPT3,AutoEncoder,RelativeInputStability,Robustness,lower,LIME,5.50809075873701,2.0,False,SHAP,mayor estabilidad frente a cambios en la entrada
MetroPT3,AutoEncoder,RelativeInputStability,Robustness,lower,MAPLE,24.785147795572428,3.0,False,SHAP,mayor estabilidad frente a cambios en la entrada
MetroPT3,AutoEncoder,RelativeInputStability,Robustness,lower,SHAP,1.7510997799841093,1.0,True,SHAP,mayor estabilidad frente a cambios en la entrada
MetroPT3,AutoEncoder,RelativeOutputStability,Robustness,lower,LIME,1928137.5070803463,2.0,False,SHAP,mayor estabilidad relativa en la salida
MetroPT3,AutoEncoder,RelativeOutputStability,Robustness,lower,MAPLE,6159299.742771005,3.0,False,SHAP,mayor estabilidad relativa en la salida
MetroPT3,AutoEncoder,RelativeOutputStability,Robustness,lower,SHAP,351168.04167138744,1.0,True,SHAP,mayor estabilidad relativa en la salida
MetroPT3,AutoEncoder,Sparseness,Complexity,higher,LIME,0.7825744193306593,1.0,True,LIME,atribuciones más concentradas
MetroPT3,AutoEncoder,Sparseness,Complexity,higher,MAPLE,0.42404210599713,3.0,False,LIME,atribuciones más concentradas
MetroPT3,AutoEncoder,Sparseness,Complexity,higher,SHAP,0.6852947094054187,2.0,False,LIME,atribuciones más concentradas
MetroPT3,AutoEncoder,Sufficiency,Faithfulness,higher,LIME,0.0,2.0,False,MAPLE,mayor suficiencia
MetroPT3,AutoEncoder,Sufficiency,Faithfulness,higher,MAPLE,0.9073684210526316,1.0,True,MAPLE,mayor suficiencia
MetroPT3,AutoEncoder,Sufficiency,Faithfulness,higher,SHAP,0.0,2.0,False,MAPLE,mayor suficiencia
MetroPT3,ECOD,AvgSensitivity,Sensitivity,lower,LIME,1.908616109319574,3.0,False,SHAP,menor sensibilidad media
MetroPT3,ECOD,AvgSensitivity,Sensitivity,lower,MAPLE,1.047378550014954,2.0,False,SHAP,menor sensibilidad media
MetroPT3,ECOD,AvgSensitivity,Sensitivity,lower,SHAP,0.5440708478906271,1.0,True,SHAP,menor sensibilidad media
MetroPT3,ECOD,Completeness,Fidelity,higher,LIME,0.0,1.0,True,"LIME, MAPLE, SHAP",más completo
MetroPT3,ECOD,Completeness,Fidelity,higher,MAPLE,0.0,1.0,True,"LIME, MAPLE, SHAP",más completo
MetroPT3,ECOD,Completeness,Fidelity,higher,SHAP,0.0,1.0,True,"LIME, MAPLE, SHAP",más completo
MetroPT3,ECOD,Complexity,Complexity,lower,LIME,1.5707289189734368,1.0,True,LIME,explicaciones menos complejas
MetroPT3,ECOD,Complexity,Complexity,lower,MAPLE,1.9037371990508858,2.0,False,LIME,explicaciones menos complejas
MetroPT3,ECOD,Complexity,Complexity,lower,SHAP,1.9137113257190537,3.0,False,LIME,explicaciones menos complejas
MetroPT3,ECOD,Consistency,Faithfulness,lower,LIME,0.6585365853497919,1.0,True,"LIME, MAPLE, SHAP",mayor consistencia
MetroPT3,ECOD,Consistency,Faithfulness,lower,MAPLE,0.6585365853497919,1.0,True,"LIME, MAPLE, SHAP",mayor consistencia
MetroPT3,ECOD,Consistency,Faithfulness,lower,SHAP,0.6585365853497919,1.0,True,"LIME, MAPLE, SHAP",mayor consistencia
MetroPT3,ECOD,Faithfulness,Faithfulness,higher,LIME,-0.4489638401379207,3.0,False,SHAP,mayor fidelidad
MetroPT3,ECOD,Faithfulness,Faithfulness,higher,MAPLE,-0.07082260652268685,2.0,False,SHAP,mayor fidelidad
MetroPT3,ECOD,Faithfulness,Faithfulness,higher,SHAP,-0.02682607713935385,1.0,True,SHAP,mayor fidelidad
MetroPT3,ECOD,FaithfulnessEstimate,Faithfulness,higher,LIME,-0.22536056529230086,3.0,False,SHAP,mayor estimación de fidelidad
MetroPT3,ECOD,FaithfulnessEstimate,Faithfulness,higher,MAPLE,0.07557666757069556,2.0,False,SHAP,mayor estimación de fidelidad
MetroPT3,ECOD,FaithfulnessEstimate,Faithfulness,higher,SHAP,0.08825880230813221,1.0,True,SHAP,mayor estimación de fidelidad
MetroPT3,ECOD,LocalLipschitzEstimate,Robustness,lower,LIME,8.901207062337523,3.0,False,MAPLE,mayor estabilidad local
MetroPT3,ECOD,LocalLipschitzEstimate,Robustness,lower,MAPLE,4.522273887782964,1.0,True,MAPLE,mayor estabilidad local
MetroPT3,ECOD,LocalLipschitzEstimate,Robustness,lower,SHAP,4.8175619580932185,2.0,False,MAPLE,mayor estabilidad local
MetroPT3,ECOD,MaxSensitivity,Robustness,lower,LIME,2.350927539759182,2.0,False,SHAP,menor sensibilidad máxima
MetroPT3,ECOD,MaxSensitivity,Robustness,lower,MAPLE,3.014908534955653,3.0,False,SHAP,menor sensibilidad máxima
MetroPT3,ECOD,MaxSensitivity,Robustness,lower,SHAP,0.8024155106426638,1.0,True,SHAP,menor sensibilidad máxima
MetroPT3,ECOD,Monotonicity,Faithfulness,higher,LIME,1.0,1.0,True,"LIME, MAPLE, SHAP",mayor monotonicidad
MetroPT3,ECOD,Monotonicity,Faithfulness,higher,MAPLE,1.0,1.0,True,"LIME, MAPLE, SHAP",mayor monotonicidad
MetroPT3,ECOD,Monotonicity,Faithfulness,higher,SHAP,1.0,1.0,True,"LIME, MAPLE, SHAP",mayor monotonicidad
MetroPT3,ECOD,MonotonicityCorrelation,Faithfulness,higher,LIME,-0.10630191791172275,2.0,False,MAPLE,mayor correlación monotónica
MetroPT3,ECOD,MonotonicityCorrelation,Faithfulness,higher,MAPLE,0.01215811087360125,1.0,True,MAPLE,mayor correlación monotónica
MetroPT3,ECOD,MonotonicityCorrelation,Faithfulness,higher,SHAP,-0.5189751413581853,3.0,False,MAPLE,mayor correlación monotónica
MetroPT3,ECOD,MonotonicityMetric,Faithfulness,higher,LIME,0.0,1.0,True,"LIME, MAPLE, SHAP",mayor cumplimiento de monotonicidad
MetroPT3,ECOD,MonotonicityMetric,Faithfulness,higher,MAPLE,0.0,1.0,True,"LIME, MAPLE, SHAP",mayor cumplimiento de monotonicidad
MetroPT3,ECOD,MonotonicityMetric,Faithfulness,higher,SHAP,0.0,1.0,True,"LIME, MAPLE, SHAP",mayor cumplimiento de monotonicidad
MetroPT3,ECOD,NonSensitivity,Fidelity,lower,LIME,4.0,3.0,False,MAPLE,menor sensibilidad a características irrelevantes
MetroPT3,ECOD,NonSensitivity,Fidelity,lower,MAPLE,1.0,1.0,True,MAPLE,menor sensibilidad a características irrelevantes
MetroPT3,ECOD,NonSensitivity,Fidelity,lower,SHAP,2.0,2.0,False,MAPLE,menor sensibilidad a características irrelevantes
MetroPT3,ECOD,RelativeInputStability,Robustness,lower,LIME,6.9391211101691725,3.0,False,MAPLE,mayor estabilidad frente a cambios en la entrada
MetroPT3,ECOD,RelativeInputStability,Robustness,lower,MAPLE,0.0007514748645589,1.0,True,MAPLE,mayor estabilidad frente a cambios en la entrada
MetroPT3,ECOD,RelativeInputStability,Robustness,lower,SHAP,0.31273012504529574,2.0,False,MAPLE,mayor estabilidad frente a cambios en la entrada
MetroPT3,ECOD,RelativeOutputStability,Robustness,lower,LIME,286163.4347748489,3.0,False,MAPLE,mayor estabilidad relativa en la salida
MetroPT3,ECOD,RelativeOutputStability,Robustness,lower,MAPLE,35.149072551505,1.0,True,MAPLE,mayor estabilidad relativa en la salida
MetroPT3,ECOD,RelativeOutputStability,Robustness,lower,SHAP,10708.079622451896,2.0,False,MAPLE,mayor estabilidad relativa en la salida
MetroPT3,ECOD,Sparseness,Complexity,higher,LIME,0.600487571517342,1.0,True,LIME,atribuciones más concentradas
MetroPT3,ECOD,Sparseness,Complexity,higher,MAPLE,0.4620474474167059,2.0,False,LIME,atribuciones más concentradas
MetroPT3,ECOD,Sparseness,Complexity,higher,SHAP,0.4467448113134289,3.0,False,LIME,atribuciones más concentradas
MetroPT3,ECOD,Sufficiency,Faithfulness,higher,LIME,0.0,2.0,False,MAPLE,mayor suficiencia
MetroPT3,ECOD,Sufficiency,Faithfulness,higher,MAPLE,0.675,1.0,True,MAPLE,mayor suficiencia
MetroPT3,ECOD,Sufficiency,Faithfulness,higher,SHAP,0.0,2.0,False,MAPLE,mayor suficiencia
MetroPT3,HBOS,AvgSensitivity,Sensitivity,lower,LIME,1.3072590796671926,2.0,False,MAPLE,menor sensibilidad media
MetroPT3,HBOS,AvgSensitivity,Sensitivity,lower,MAPLE,0.7517542431699847,1.0,True,MAPLE,menor sensibilidad media
MetroPT3,HBOS,AvgSensitivity,Sensitivity,lower,SHAP,2.019794616693496,3.0,False,MAPLE,menor sensibilidad media
MetroPT3,HBOS,Completeness,Fidelity,higher,LIME,0.0,1.0,True,"LIME, MAPLE, SHAP",más completo
MetroPT3,HBOS,Completeness,Fidelity,higher,MAPLE,0.0,1.0,True,"LIME, MAPLE, SHAP",más completo
MetroPT3,HBOS,Completeness,Fidelity,higher,SHAP,0.0,1.0,True,"LIME, MAPLE, SHAP",más completo
MetroPT3,HBOS,Complexity,Complexity,lower,LIME,1.5964279897792344,1.0,True,LIME,explicaciones menos complejas
MetroPT3,HBOS,Complexity,Complexity,lower,MAPLE,1.7427561352475127,2.0,False,LIME,explicaciones menos complejas
MetroPT3,HBOS,Complexity,Complexity,lower,SHAP,1.749135715137474,3.0,False,LIME,explicaciones menos complejas
MetroPT3,HBOS,Consistency,Faithfulness,lower,LIME,0.7317073170553243,1.0,True,"LIME, MAPLE, SHAP",mayor consistencia
MetroPT3,HBOS,Consistency,Faithfulness,lower,MAPLE,0.7317073170553243,1.0,True,"LIME, MAPLE, SHAP",mayor consistencia
MetroPT3,HBOS,Consistency,Faithfulness,lower,SHAP,0.7317073170553243,1.0,True,"LIME, MAPLE, SHAP",mayor consistencia
MetroPT3,HBOS,Faithfulness,Faithfulness,higher,LIME,-0.17910496442475532,3.0,False,MAPLE,mayor fidelidad
MetroPT3,HBOS,Faithfulness,Faithfulness,higher,MAPLE,-0.08763574427717935,1.0,True,MAPLE,mayor fidelidad
MetroPT3,HBOS,Faithfulness,Faithfulness,higher,SHAP,-0.10144900819467055,2.0,False,MAPLE,mayor fidelidad
MetroPT3,HBOS,FaithfulnessEstimate,Faithfulness,higher,LIME,-0.18087083051700195,3.0,False,MAPLE,mayor estimación de fidelidad
MetroPT3,HBOS,FaithfulnessEstimate,Faithfulness,higher,MAPLE,0.1199494496018936,1.0,True,MAPLE,mayor estimación de fidelidad
MetroPT3,HBOS,FaithfulnessEstimate,Faithfulness,higher,SHAP,-0.1295272601162819,2.0,False,MAPLE,mayor estimación de fidelidad
MetroPT3,HBOS,LocalLipschitzEstimate,Robustness,lower,LIME,11.345152199401811,2.0,False,MAPLE,mayor estabilidad local
MetroPT3,HBOS,LocalLipschitzEstimate,Robustness,lower,MAPLE,4.379090616174903,1.0,True,MAPLE,mayor estabilidad local
MetroPT3,HBOS,LocalLipschitzEstimate,Robustness,lower,SHAP,12.870147589368413,3.0,False,MAPLE,mayor estabilidad local
MetroPT3,HBOS,MaxSensitivity,Robustness,lower,LIME,2.110862653110124,2.0,False,MAPLE,menor sensibilidad máxima
MetroPT3,HBOS,MaxSensitivity,Robustness,lower,MAPLE,1.6257117001909105,1.0,True,MAPLE,menor sensibilidad máxima
MetroPT3,HBOS,MaxSensitivity,Robustness,lower,SHAP,2.283553441342772,3.0,False,MAPLE,menor sensibilidad máxima
MetroPT3,HBOS,Monotonicity,Faithfulness,higher,LIME,1.0,1.0,True,"LIME, MAPLE, SHAP",mayor monotonicidad
MetroPT3,HBOS,Monotonicity,Faithfulness,higher,MAPLE,1.0,1.0,True,"LIME, MAPLE, SHAP",mayor monotonicidad
MetroPT3,HBOS,Monotonicity,Faithfulness,higher,SHAP,1.0,1.0,True,"LIME, MAPLE, SHAP",mayor monotonicidad
MetroPT3,HBOS,MonotonicityCorrelation,Faithfulness,higher,LIME,-0.3939424016728551,2.0,False,MAPLE,mayor correlación monotónica
MetroPT3,HBOS,MonotonicityCorrelation,Faithfulness,higher,MAPLE,-0.1823716631040193,1.0,True,MAPLE,mayor correlación monotónica
MetroPT3,HBOS,MonotonicityCorrelation,Faithfulness,higher,SHAP,-0.705170430668875,3.0,False,MAPLE,mayor correlación monotónica
MetroPT3,HBOS,MonotonicityMetric,Faithfulness,higher,LIME,0.0,1.0,True,"LIME, MAPLE, SHAP",mayor cumplimiento de monotonicidad
MetroPT3,HBOS,MonotonicityMetric,Faithfulness,higher,MAPLE,0.0,1.0,True,"LIME, MAPLE, SHAP",mayor cumplimiento de monotonicidad
MetroPT3,HBOS,MonotonicityMetric,Faithfulness,higher,SHAP,0.0,1.0,True,"LIME, MAPLE, SHAP",mayor cumplimiento de monotonicidad
MetroPT3,HBOS,NonSensitivity,Fidelity,lower,LIME,6.5,3.0,False,MAPLE,menor sensibilidad a características irrelevantes
MetroPT3,HBOS,NonSensitivity,Fidelity,lower,MAPLE,3.0,1.0,True,MAPLE,menor sensibilidad a características irrelevantes
MetroPT3,HBOS,NonSensitivity,Fidelity,lower,SHAP,5.0,2.0,False,MAPLE,menor sensibilidad a características irrelevantes
MetroPT3,HBOS,RelativeInputStability,Robustness,lower,LIME,1.4666783706809332,2.0,False,MAPLE,mayor estabilidad frente a cambios en la entrada
MetroPT3,HBOS,RelativeInputStability,Robustness,lower,MAPLE,0.0139158791468913,1.0,True,MAPLE,mayor estabilidad frente a cambios en la entrada
MetroPT3,HBOS,RelativeInputStability,Robustness,lower,SHAP,8.241268464994787,3.0,False,MAPLE,mayor estabilidad frente a cambios en la entrada
MetroPT3,HBOS,RelativeOutputStability,Robustness,lower,LIME,117190.32066145094,2.0,False,MAPLE,mayor estabilidad relativa en la salida
MetroPT3,HBOS,RelativeOutputStability,Robustness,lower,MAPLE,47.199051092592626,1.0,True,MAPLE,mayor estabilidad relativa en la salida
MetroPT3,HBOS,RelativeOutputStability,Robustness,lower,SHAP,592390.5108556079,3.0,False,MAPLE,mayor estabilidad relativa en la salida
MetroPT3,HBOS,Sparseness,Complexity,higher,LIME,0.5859620079646379,1.0,True,LIME,atribuciones más concentradas
MetroPT3,HBOS,Sparseness,Complexity,higher,MAPLE,0.5584804912060847,2.0,False,LIME,atribuciones más concentradas
MetroPT3,HBOS,Sparseness,Complexity,higher,SHAP,0.535614119841487,3.0,False,LIME,atribuciones más concentradas
MetroPT3,HBOS,Sufficiency,Faithfulness,higher,LIME,0.0,2.0,False,MAPLE,mayor suficiencia
MetroPT3,HBOS,Sufficiency,Faithfulness,higher,MAPLE,0.6985735735735736,1.0,True,MAPLE,mayor suficiencia
MetroPT3,HBOS,Sufficiency,Faithfulness,higher,SHAP,0.0,2.0,False,MAPLE,mayor suficiencia
MetroPT3,IForest,AvgSensitivity,Sensitivity,lower,LIME,1.4762631175782894,3.0,False,SHAP,menor sensibilidad media
MetroPT3,IForest,AvgSensitivity,Sensitivity,lower,MAPLE,0.8221274921432444,2.0,False,SHAP,menor sensibilidad media
MetroPT3,IForest,AvgSensitivity,Sensitivity,lower,SHAP,0.5723619399611033,1.0,True,SHAP,menor sensibilidad media
MetroPT3,IForest,Completeness,Fidelity,higher,LIME,0.0,1.0,True,"LIME, MAPLE, SHAP",más completo
MetroPT3,IForest,Completeness,Fidelity,higher,MAPLE,0.0,1.0,True,"LIME, MAPLE, SHAP",más completo
MetroPT3,IForest,Completeness,Fidelity,higher,SHAP,0.0,1.0,True,"LIME, MAPLE, SHAP",más completo
MetroPT3,IForest,Complexity,Complexity,lower,LIME,1.5092764979817015,1.0,True,LIME,explicaciones menos complejas
MetroPT3,IForest,Complexity,Complexity,lower,MAPLE,1.809983487111636,3.0,False,LIME,explicaciones menos complejas
MetroPT3,IForest,Complexity,Complexity,lower,SHAP,1.6257757700082247,2.0,False,LIME,explicaciones menos complejas
MetroPT3,IForest,Consistency,Faithfulness,lower,LIME,0.5609756097424152,1.0,True,"LIME, MAPLE, SHAP",mayor consistencia
MetroPT3,IForest,Consistency,Faithfulness,lower,MAPLE,0.5609756097424152,1.0,True,"LIME, MAPLE, SHAP",mayor consistencia
MetroPT3,IForest,Consistency,Faithfulness,lower,SHAP,0.5609756097424152,1.0,True,"LIME, MAPLE, SHAP",mayor consistencia
MetroPT3,IForest,Faithfulness,Faithfulness,higher,LIME,0.06368741423158734,3.0,False,SHAP,mayor fidelidad
MetroPT3,IForest,Faithfulness,Faithfulness,higher,MAPLE,0.11018915935865395,2.0,False,SHAP,mayor fidelidad
MetroPT3,IForest,Faithfulness,Faithfulness,higher,SHAP,0.8086140242008357,1.0,True,SHAP,mayor fidelidad
MetroPT3,IForest,FaithfulnessEstimate,Faithfulness,higher,LIME,-0.17449550402221342,2.0,False,MAPLE,mayor estimación de fidelidad
MetroPT3,IForest,FaithfulnessEstimate,Faithfulness,higher,MAPLE,0.4769332222879729,1.0,True,MAPLE,mayor estimación de fidelidad
MetroPT3,IForest,FaithfulnessEstimate,Faithfulness,higher,SHAP,-0.4456889447924076,3.0,False,MAPLE,mayor estimación de fidelidad
MetroPT3,IForest,LocalLipschitzEstimate,Robustness,lower,LIME,12.7156261139721,3.0,False,SHAP,mayor estabilidad local
MetroPT3,IForest,LocalLipschitzEstimate,Robustness,lower,MAPLE,5.103161340249016,2.0,False,SHAP,mayor estabilidad local
MetroPT3,IForest,LocalLipschitzEstimate,Robustness,lower,SHAP,3.4215894119970627,1.0,True,SHAP,mayor estabilidad local
MetroPT3,IForest,MaxSensitivity,Robustness,lower,LIME,2.2765292230733905,3.0,False,SHAP,menor sensibilidad máxima
MetroPT3,IForest,MaxSensitivity,Robustness,lower,MAPLE,1.8259819202245196,2.0,False,SHAP,menor sensibilidad máxima
MetroPT3,IForest,MaxSensitivity,Robustness,lower,SHAP,0.8206358192864356,1.0,True,SHAP,menor sensibilidad máxima
MetroPT3,IForest,Monotonicity,Faithfulness,higher,LIME,1.0,1.0,True,"LIME, MAPLE, SHAP",mayor monotonicidad
MetroPT3,IForest,Monotonicity,Faithfulness,higher,MAPLE,1.0,1.0,True,"LIME, MAPLE, SHAP",mayor monotonicidad
MetroPT3,IForest,Monotonicity,Faithfulness,higher,SHAP,1.0,1.0,True,"LIME, MAPLE, SHAP",mayor monotonicidad
MetroPT3,IForest,MonotonicityCorrelation,Faithfulness,higher,LIME,0.40644850966246954,1.0,True,LIME,mayor correlación monotónica
MetroPT3,IForest,MonotonicityCorrelation,Faithfulness,higher,MAPLE,0.3636363636363636,2.0,False,LIME,mayor correlación monotónica
MetroPT3,IForest,MonotonicityCorrelation,Faithfulness,higher,SHAP,0.2674784392192283,3.0,False,LIME,mayor correlación monotónica
MetroPT3,IForest,MonotonicityMetric,Faithfulness,higher,LIME,0.0,1.0,True,"LIME, MAPLE, SHAP",mayor cumplimiento de monotonicidad
MetroPT3,IForest,MonotonicityMetric,Faithfulness,higher,MAPLE,0.0,1.0,True,"LIME, MAPLE, SHAP",mayor cumplimiento de monotonicidad
MetroPT3,IForest,MonotonicityMetric,Faithfulness,higher,SHAP,0.0,1.0,True,"LIME, MAPLE, SHAP",mayor cumplimiento de monotonicidad
MetroPT3,IForest,NonSensitivity,Fidelity,lower,LIME,5.0,3.0,False,MAPLE,menor sensibilidad a características irrelevantes
MetroPT3,IForest,NonSensitivity,Fidelity,lower,MAPLE,1.0,1.0,True,MAPLE,menor sensibilidad a características irrelevantes
MetroPT3,IForest,NonSensitivity,Fidelity,lower,SHAP,3.0,2.0,False,MAPLE,menor sensibilidad a características irrelevantes
MetroPT3,IForest,RelativeInputStability,Robustness,lower,LIME,2.146741464697201,2.0,False,SHAP,mayor estabilidad frente a cambios en la entrada
MetroPT3,IForest,RelativeInputStability,Robustness,lower,MAPLE,3.292132421339376,3.0,False,SHAP,mayor estabilidad frente a cambios en la entrada
MetroPT3,IForest,RelativeInputStability,Robustness,lower,SHAP,0.0015291375978584,1.0,True,SHAP,mayor estabilidad frente a cambios en la entrada
MetroPT3,IForest,RelativeOutputStability,Robustness,lower,LIME,1301430.5840814377,3.0,False,SHAP,mayor estabilidad relativa en la salida
MetroPT3,IForest,RelativeOutputStability,Robustness,lower,MAPLE,106596.35980911014,2.0,False,SHAP,mayor estabilidad relativa en la salida
MetroPT3,IForest,RelativeOutputStability,Robustness,lower,SHAP,602.3077537958513,1.0,True,SHAP,mayor estabilidad relativa en la salida
MetroPT3,IForest,Sparseness,Complexity,higher,LIME,0.6261975710795877,1.0,True,LIME,atribuciones más concentradas
MetroPT3,IForest,Sparseness,Complexity,higher,MAPLE,0.5138268331570655,3.0,False,LIME,atribuciones más concentradas
MetroPT3,IForest,Sparseness,Complexity,higher,SHAP,0.5936085807418964,2.0,False,LIME,atribuciones más concentradas
MetroPT3,IForest,Sufficiency,Faithfulness,higher,LIME,0.0,2.0,False,MAPLE,mayor suficiencia
MetroPT3,IForest,Sufficiency,Faithfulness,higher,MAPLE,0.5214285714285714,1.0,True,MAPLE,mayor suficiencia
MetroPT3,IForest,Sufficiency,Faithfulness,higher,SHAP,0.0,2.0,False,MAPLE,mayor suficiencia
MetroPT3,MCD,AvgSensitivity,Sensitivity,lower,LIME,2.7694398493058756,3.0,False,MAPLE,menor sensibilidad media
MetroPT3,MCD,AvgSensitivity,Sensitivity,lower,MAPLE,0.9037119824682431,1.0,True,MAPLE,menor sensibilidad media
MetroPT3,MCD,AvgSensitivity,Sensitivity,lower,SHAP,0.9125014863144516,2.0,False,MAPLE,menor sensibilidad media
MetroPT3,MCD,Completeness,Fidelity,higher,LIME,0.0,1.0,True,"LIME, MAPLE, SHAP",más completo
MetroPT3,MCD,Completeness,Fidelity,higher,MAPLE,0.0,1.0,True,"LIME, MAPLE, SHAP",más completo
MetroPT3,MCD,Completeness,Fidelity,higher,SHAP,0.0,1.0,True,"LIME, MAPLE, SHAP",más completo
MetroPT3,MCD,Complexity,Complexity,lower,LIME,0.8821102133494405,3.0,False,MAPLE,explicaciones menos complejas
MetroPT3,MCD,Complexity,Complexity,lower,MAPLE,-1.000088900581841e-12,1.0,True,MAPLE,explicaciones menos complejas
MetroPT3,MCD,Complexity,Complexity,lower,SHAP,0.08201049798539264,2.0,False,MAPLE,explicaciones menos complejas
MetroPT3,MCD,Consistency,Faithfulness,lower,LIME,0.9999999999756098,1.0,True,"LIME, MAPLE, SHAP",mayor consistencia
MetroPT3,MCD,Consistency,Faithfulness,lower,MAPLE,0.9999999999756098,1.0,True,"LIME, MAPLE, SHAP",mayor consistencia
MetroPT3,MCD,Consistency,Faithfulness,lower,SHAP,0.9999999999756098,1.0,True,"LIME, MAPLE, SHAP",mayor consistencia
MetroPT3,MCD,Faithfulness,Faithfulness,higher,LIME,-0.16697333302163864,3.0,False,MAPLE,mayor fidelidad
MetroPT3,MCD,Faithfulness,Faithfulness,higher,MAPLE,0.082318116187332,1.0,True,MAPLE,mayor fidelidad
MetroPT3,MCD,Faithfulness,Faithfulness,higher,SHAP,-0.10012477425308156,2.0,False,MAPLE,mayor fidelidad
MetroPT3,MCD,FaithfulnessEstimate,Faithfulness,higher,LIME,-0.9730804224833831,2.0,False,MAPLE,mayor estimación de fidelidad
MetroPT3,MCD,FaithfulnessEstimate,Faithfulness,higher,MAPLE,0.9999936753549795,1.0,True,MAPLE,mayor estimación de fidelidad
MetroPT3,MCD,FaithfulnessEstimate,Faithfulness,higher,SHAP,-0.9999894089322142,3.0,False,MAPLE,mayor estimación de fidelidad
MetroPT3,MCD,LocalLipschitzEstimate,Robustness,lower,LIME,7.266641124866672,3.0,False,MAPLE,mayor estabilidad local
MetroPT3,MCD,LocalLipschitzEstimate,Robustness,lower,MAPLE,3.239983286760028,1.0,True,MAPLE,mayor estabilidad local
MetroPT3,MCD,LocalLipschitzEstimate,Robustness,lower,SHAP,3.818387186587853,2.0,False,MAPLE,mayor estabilidad local
MetroPT3,MCD,MaxSensitivity,Robustness,lower,LIME,5.341526025541926,3.0,False,MAPLE,menor sensibilidad máxima
MetroPT3,MCD,MaxSensitivity,Robustness,lower,MAPLE,1.7349177891407064,1.0,True,MAPLE,menor sensibilidad máxima
MetroPT3,MCD,MaxSensitivity,Robustness,lower,SHAP,2.6460988214142733,2.0,False,MAPLE,menor sensibilidad máxima
MetroPT3,MCD,Monotonicity,Faithfulness,higher,LIME,1.0,1.0,True,"LIME, MAPLE, SHAP",mayor monotonicidad
MetroPT3,MCD,Monotonicity,Faithfulness,higher,MAPLE,1.0,1.0,True,"LIME, MAPLE, SHAP",mayor monotonicidad
MetroPT3,MCD,Monotonicity,Faithfulness,higher,SHAP,1.0,1.0,True,"LIME, MAPLE, SHAP",mayor monotonicidad
MetroPT3,MCD,MonotonicityCorrelation,Faithfulness,higher,LIME,0.48346706414704144,3.0,False,MAPLE,mayor correlación monotónica
MetroPT3,MCD,MonotonicityCorrelation,Faithfulness,higher,MAPLE,0.528680532637681,1.0,True,MAPLE,mayor correlación monotónica
MetroPT3,MCD,MonotonicityCorrelation,Faithfulness,higher,SHAP,0.5230992094351512,2.0,False,MAPLE,mayor correlación monotónica
MetroPT3,MCD,MonotonicityMetric,Faithfulness,higher,LIME,0.0,1.0,True,"LIME, MAPLE, SHAP",mayor cumplimiento de monotonicidad
MetroPT3,MCD,MonotonicityMetric,Faithfulness,higher,MAPLE,0.0,1.0,True,"LIME, MAPLE, SHAP",mayor cumplimiento de monotonicidad
MetroPT3,MCD,MonotonicityMetric,Faithfulness,higher,SHAP,0.0,1.0,True,"LIME, MAPLE, SHAP",mayor cumplimiento de monotonicidad
MetroPT3,MCD,NonSensitivity,Fidelity,lower,LIME,5.0,2.0,False,MAPLE,menor sensibilidad a características irrelevantes
MetroPT3,MCD,NonSensitivity,Fidelity,lower,MAPLE,3.5,1.0,True,MAPLE,menor sensibilidad a características irrelevantes
MetroPT3,MCD,NonSensitivity,Fidelity,lower,SHAP,7.0,3.0,False,MAPLE,menor sensibilidad a características irrelevantes
MetroPT3,MCD,RelativeInputStability,Robustness,lower,LIME,0.7386513439289634,3.0,False,SHAP,mayor estabilidad frente a cambios en la entrada
MetroPT3,MCD,RelativeInputStability,Robustness,lower,MAPLE,0.017946508729847703,2.0,False,SHAP,mayor estabilidad frente a cambios en la entrada
MetroPT3,MCD,RelativeInputStability,Robustness,lower,SHAP,0.0029199983459067998,1.0,True,SHAP,mayor estabilidad frente a cambios en la entrada
MetroPT3,MCD,RelativeOutputStability,Robustness,lower,LIME,25235259.643397417,3.0,False,MAPLE,mayor estabilidad relativa en la salida
MetroPT3,MCD,RelativeOutputStability,Robustness,lower,MAPLE,756.7356678443175,1.0,True,MAPLE,mayor estabilidad relativa en la salida
MetroPT3,MCD,RelativeOutputStability,Robustness,lower,SHAP,22450.41536767999,2.0,False,MAPLE,mayor estabilidad relativa en la salida
MetroPT3,MCD,Sparseness,Complexity,higher,LIME,0.8014513049768397,3.0,False,MAPLE,atribuciones más concentradas
MetroPT3,MCD,Sparseness,Complexity,higher,MAPLE,0.8999978041299883,1.0,True,MAPLE,atribuciones más concentradas
MetroPT3,MCD,Sparseness,Complexity,higher,SHAP,0.8950930308061582,2.0,False,MAPLE,atribuciones más concentradas
MetroPT3,MCD,Sufficiency,Faithfulness,higher,LIME,0.0,1.0,True,"LIME, MAPLE, SHAP",mayor suficiencia
MetroPT3,MCD,Sufficiency,Faithfulness,higher,MAPLE,0.0,1.0,True,"LIME, MAPLE, SHAP",mayor suficiencia
MetroPT3,MCD,Sufficiency,Faithfulness,higher,SHAP,0.0,1.0,True,"LIME, MAPLE, SHAP",mayor suficiencia
MetroPT3,VAE,AvgSensitivity,Sensitivity,lower,LIME,1.1840337697900598,3.0,False,SHAP,menor sensibilidad media
MetroPT3,VAE,AvgSensitivity,Sensitivity,lower,MAPLE,0.832999199543287,2.0,False,SHAP,menor sensibilidad media
MetroPT3,VAE,AvgSensitivity,Sensitivity,lower,SHAP,0.30166792407086984,1.0,True,SHAP,menor sensibilidad media
MetroPT3,VAE,Completeness,Fidelity,higher,LIME,0.0,1.0,True,"LIME, MAPLE, SHAP",más completo
MetroPT3,VAE,Completeness,Fidelity,higher,MAPLE,0.0,1.0,True,"LIME, MAPLE, SHAP",más completo
MetroPT3,VAE,Completeness,Fidelity,higher,SHAP,0.0,1.0,True,"LIME, MAPLE, SHAP",más completo
MetroPT3,VAE,Complexity,Complexity,lower,LIME,0.9520963980554448,1.0,True,LIME,explicaciones menos complejas
MetroPT3,VAE,Complexity,Complexity,lower,MAPLE,1.8956599620249137,3.0,False,LIME,explicaciones menos complejas
MetroPT3,VAE,Complexity,Complexity,lower,SHAP,1.3325690415178948,2.0,False,LIME,explicaciones menos complejas
MetroPT3,VAE,Consistency,Faithfulness,lower,LIME,0.9512195121719216,1.0,True,"LIME, MAPLE, SHAP",mayor consistencia
MetroPT3,VAE,Consistency,Faithfulness,lower,MAPLE,0.9512195121719216,1.0,True,"LIME, MAPLE, SHAP",mayor consistencia
MetroPT3,VAE,Consistency,Faithfulness,lower,SHAP,0.9512195121719216,1.0,True,"LIME, MAPLE, SHAP",mayor consistencia
MetroPT3,VAE,Faithfulness,Faithfulness,higher,LIME,-0.16199458021100505,1.0,True,LIME,mayor fidelidad
MetroPT3,VAE,Faithfulness,Faithfulness,higher,MAPLE,-0.17374898061743116,2.0,False,LIME,mayor fidelidad
MetroPT3,VAE,Faithfulness,Faithfulness,higher,SHAP,-0.9800021811140913,3.0,False,LIME,mayor fidelidad
MetroPT3,VAE,FaithfulnessEstimate,Faithfulness,higher,LIME,-0.09733625012794085,2.0,False,MAPLE,mayor estimación de fidelidad
MetroPT3,VAE,FaithfulnessEstimate,Faithfulness,higher,MAPLE,0.47919227186557234,1.0,True,MAPLE,mayor estimación de fidelidad
MetroPT3,VAE,FaithfulnessEstimate,Faithfulness,higher,SHAP,-0.4884102302525324,3.0,False,MAPLE,mayor estimación de fidelidad
MetroPT3,VAE,LocalLipschitzEstimate,Robustness,lower,LIME,11.352523076131208,3.0,False,SHAP,mayor estabilidad local
MetroPT3,VAE,LocalLipschitzEstimate,Robustness,lower,MAPLE,4.300838451664019,2.0,False,SHAP,mayor estabilidad local
MetroPT3,VAE,LocalLipschitzEstimate,Robustness,lower,SHAP,1.3730294080871805,1.0,True,SHAP,mayor estabilidad local
MetroPT3,VAE,MaxSensitivity,Robustness,lower,LIME,2.074504756261234,3.0,False,SHAP,menor sensibilidad máxima
MetroPT3,VAE,MaxSensitivity,Robustness,lower,MAPLE,1.091686838221039,2.0,False,SHAP,menor sensibilidad máxima
MetroPT3,VAE,MaxSensitivity,Robustness,lower,SHAP,0.5409042869123608,1.0,True,SHAP,menor sensibilidad máxima
MetroPT3,VAE,Monotonicity,Faithfulness,higher,LIME,0.0,1.0,True,"LIME, MAPLE, SHAP",mayor monotonicidad
MetroPT3,VAE,Monotonicity,Faithfulness,higher,MAPLE,0.0,1.0,True,"LIME, MAPLE, SHAP",mayor monotonicidad
MetroPT3,VAE,Monotonicity,Faithfulness,higher,SHAP,0.0,1.0,True,"LIME, MAPLE, SHAP",mayor monotonicidad
MetroPT3,VAE,MonotonicityCorrelation,Faithfulness,higher,LIME,0.1563263498701806,3.0,False,MAPLE,mayor correlación monotónica
MetroPT3,VAE,MonotonicityCorrelation,Faithfulness,higher,MAPLE,0.49090909090909085,1.0,True,MAPLE,mayor correlación monotónica
MetroPT3,VAE,MonotonicityCorrelation,Faithfulness,higher,SHAP,0.406060606060606,2.0,False,MAPLE,mayor correlación monotónica
MetroPT3,VAE,MonotonicityMetric,Faithfulness,higher,LIME,0.0,1.0,True,"LIME, MAPLE, SHAP",mayor cumplimiento de monotonicidad
MetroPT3,VAE,MonotonicityMetric,Faithfulness,higher,MAPLE,0.0,1.0,True,"LIME, MAPLE, SHAP",mayor cumplimiento de monotonicidad
MetroPT3,VAE,MonotonicityMetric,Faithfulness,higher,SHAP,0.0,1.0,True,"LIME, MAPLE, SHAP",mayor cumplimiento de monotonicidad
MetroPT3,VAE,NonSensitivity,Fidelity,lower,LIME,4.0,3.0,False,MAPLE,menor sensibilidad a características irrelevantes
MetroPT3,VAE,NonSensitivity,Fidelity,lower,MAPLE,1.0,1.0,True,MAPLE,menor sensibilidad a características irrelevantes
MetroPT3,VAE,NonSensitivity,Fidelity,lower,SHAP,2.0,2.0,False,MAPLE,menor sensibilidad a características irrelevantes
MetroPT3,VAE,RelativeInputStability,Robustness,lower,LIME,4.162225608703498,2.0,False,SHAP,mayor estabilidad frente a cambios en la entrada
MetroPT3,VAE,RelativeInputStability,Robustness,lower,MAPLE,10.83829166770634,3.0,False,SHAP,mayor estabilidad frente a cambios en la entrada
MetroPT3,VAE,RelativeInputStability,Robustness,lower,SHAP,0.9535144330291974,1.0,True,SHAP,mayor estabilidad frente a cambios en la entrada
MetroPT3,VAE,RelativeOutputStability,Robustness,lower,LIME,6265262.583333658,2.0,False,SHAP,mayor estabilidad relativa en la salida
MetroPT3,VAE,RelativeOutputStability,Robustness,lower,MAPLE,9043587.14645095,3.0,False,SHAP,mayor estabilidad relativa en la salida
MetroPT3,VAE,RelativeOutputStability,Robustness,lower,SHAP,1398402.4195596818,1.0,True,SHAP,mayor estabilidad relativa en la salida
MetroPT3,VAE,Sparseness,Complexity,higher,LIME,0.7866646381220046,1.0,True,LIME,atribuciones más concentradas
MetroPT3,VAE,Sparseness,Complexity,higher,MAPLE,0.47681433286515396,3.0,False,LIME,atribuciones más concentradas
MetroPT3,VAE,Sparseness,Complexity,higher,SHAP,0.7066122831186454,2.0,False,LIME,atribuciones más concentradas
MetroPT3,VAE,Sufficiency,Faithfulness,higher,LIME,0.0,2.0,False,MAPLE,mayor suficiencia
MetroPT3,VAE,Sufficiency,Faithfulness,higher,MAPLE,0.9420168067226891,1.0,True,MAPLE,mayor suficiencia
MetroPT3,VAE,Sufficiency,Faithfulness,higher,SHAP,0.0,2.0,False,MAPLE,mayor suficiencia
