,signal__required_value__fan_exahust_air,signal__required_value__heater_valve,air_temperature__required_value__exahust_air_inlet,air_temperature__max__supply_air_outlet,water_temperature__real_value__heater_behind,air_temperature__real_value__exahust_air_inlet,air_temperature__min__supply_air_outlet,air_temperature__real_value__supply_air_outlet,water_temperature__real_value__chiller_behind,signal__required_value__heat_recovery_bypass,water_temperature__real_value__heater_before,logic__real_value__fan_exahust_air,logic__required_value__heater,logic__required_value__chiller_pump,logic__required_value__heater_pump,logic__required_value__chiller,signal__required_value__chiller_valve
10163,0.0015664340273696398,0.011011308052625068,-0.01490252034659223,-0.009137353313248275,-0.016825149232552683,-0.02045712281423799,-0.00983587784049636,-0.02220456089728047,-0.020615602025529603,0.00512759787935671,-0.029238446256200958,-0.0019621234223939354,0.01155254587577803,-0.009876368206292258,0.006220127646336532,-0.006042826535775925,-0.006836948547318228
10164,0.001566434027369612,0.010965530084982716,-0.014902520346592202,-0.009137353313248303,-0.017033453204497312,-0.020351919326989903,-0.009835877840496332,-0.022538848802830858,-0.02060353225400359,0.005127597879356682,-0.028217632652761296,-0.0019621234223939354,0.01155254587577803,-0.009876368206292258,0.006220127646336587,-0.006042826535775925,-0.0068369485473182
10165,0.0015475066892934874,0.011119922835328588,-0.014902520346592202,-0.009137353313248248,-0.023118088424237626,-0.020224418143516776,-0.00983587784049636,-0.024882482181965024,-0.020578034050501737,0.005127597879356682,-0.02729535457723232,-0.0019621234223939354,0.01155254587577803,-0.009876368206292285,0.006220127646336532,-0.006042826535775897,-0.006836948547318256
10172,-0.0008100906595690793,0.011310827806744028,-0.01490252034659223,-0.009137353313248275,-0.02394441398792585,-0.020293849094024735,-0.009835877840496332,-0.02492166484419657,-0.020425554253562586,0.005127597879356682,-0.02610243011746463,-0.0019621234223939354,0.01155254587577803,-0.009876368206292285,0.006220127646336532,-0.006042826535775897,-0.006836948547318228
10173,0.0015664340273696953,0.011221834485470372,-0.014902520346592202,-0.009137353313248303,-0.015690634448485535,-0.020521379950285454,-0.009835877840496332,-0.020447678067335995,-0.020404956298898116,0.005127597879356682,-0.02566679152893081,-0.001962123422393963,0.01155254587577803,-0.009876368206292285,0.006220127646336532,-0.006042826535775925,-0.0068369485473182
10174,0.0015664340273696675,0.01062783189138583,-0.01490252034659223,-0.009137353313248275,-0.014362807487715318,-0.020323188301361858,-0.00983587784049636,-0.017980241736968577,-0.020380060394427454,0.00512759787935671,-0.02541664644530399,-0.001962123422393991,0.01155254587577803,-0.009876368206292285,0.006220127646336532,-0.006042826535775869,-0.006836948547318228
10176,0.001566434027369723,0.01079207128651341,-0.014902520346592202,-0.00913735331324822,-0.02441320358345629,-0.020057174884883344,-0.009835877840496388,-0.0247899470858384,-0.020331216389140372,0.0051275978793566546,-0.027278906592120275,-0.001962123422393963,0.01155254587577803,-0.009876368206292258,0.006220127646336532,-0.006042826535775925,-0.006836948547318283
10177,0.0015664340273696675,0.010586108095663599,-0.014902520346592202,-0.009137353313248275,-0.017560240735032345,-0.02005076226630119,-0.009835877840496332,-0.021462995362087844,-0.0203112248893787,0.0051275978793566546,-0.029122671802612313,-0.001962123422393963,0.01155254587577803,-0.009876368206292285,0.006220127646336587,-0.006042826535775869,-0.006836948547318283
10184,-0.0008209336088927655,0.011057307850782266,-0.014902520346592202,-0.009137353313248275,-0.023514066668893593,-0.020073258085769513,-0.009835877840496388,-0.02519465832656949,-0.020178139699328954,0.005127597879356682,-0.028520067150123778,-0.0019621234223939354,0.01155254587577803,-0.009876368206292258,0.006220127646336532,-0.006042826535775897,-0.006836948547318228
10185,0.0015664340273696675,0.009663899459192715,-0.014902520346592188,-0.009137353313248275,-0.0136343745082807,-0.019944325825927756,-0.00983587784049636,-0.013180255639207078,-0.020147352669798987,0.00512759787935671,-0.026410613158527142,-0.001962123422393963,0.01155254587577803,-0.009876368206292285,0.006220127646336504,-0.006042826535775869,-0.006836948547318228
10187,0.0015658771532148785,0.009584096010791937,-0.014902520346592174,-0.009137353313248275,-0.024647044784999572,-0.019424912372684233,-0.00983587784049636,-0.024715157087382755,-0.020114823781643906,0.005127597879356682,-0.026551469213592485,-0.0019621234223939354,0.01155254587577803,-0.009876368206292285,0.006220127646336532,-0.006042826535775925,-0.006836948547318228
10188,0.0015484805695752946,0.009919992000290895,-0.014902520346592202,-0.009137353313248275,-0.022802264865388652,-0.019628302056202362,-0.009835877840496332,-0.025120125654932463,-0.020096153315472168,0.005127597879356682,-0.02632005902841531,-0.0019621234223939354,0.01155254587577803,-0.009876368206292285,0.006220127646336532,-0.006042826535775925,-0.006836948547318228
10191,0.0015664340273696953,0.009537777241840878,-0.01490252034659223,-0.009137353313248303,-0.019018335825999322,-0.01948760076014497,-0.009835877840496332,-0.020827788602487726,-0.02003595645963148,0.005086239890775307,-0.027727312114181495,-0.001962123422393963,0.01155254587577803,-0.009876368206292285,0.006220127646336532,-0.006042826535775925,-0.0068369485473182
10197,0.0015664340273696398,0.010667621543422628,-0.014902520346592174,-0.009137353313248303,-0.021939578535224616,-0.0195210311606564,-0.009835877840496332,-0.02159421371477542,-0.01990736541896089,0.005127597879356682,-0.02996536273373665,-0.001962123422393963,0.01155254587577803,-0.009876368206292285,0.006220127646336587,-0.006042826535775925,-0.0068369485473182
43465,0.002670955869641306,-0.00836307744409967,-0.019403361808785075,-0.009137353313248275,-0.022415978250340293,-0.019062776250394403,-0.009835877840496332,-0.02360120364511293,-0.021747195588025958,-0.00962754216491804,-0.031157638601605645,-0.001962123422393991,-0.006336827523734406,0.006065376992922117,-0.00860048970936314,0.013779524625650769,0.013122382481226796
60712,-0.014820100204884105,-0.008363077444099698,-0.006724669763287505,-0.009137353313248275,-0.013729562401215971,-0.012471946612335257,-0.009835877840496332,-0.012287554636183362,-0.012355138591403289,-0.009627542164918068,-0.02721410557435635,-0.011019922897782225,-0.006336827523734406,-0.009876368206292285,0.006220225873877716,-0.006042826535775925,-0.006836948547318228
62404,-0.014820085612691512,-0.008363077444099698,-0.006724669763287505,-0.009137353313248275,-0.013648835326124327,-0.02063536484759718,-0.009835877840496332,-0.012750754964917677,-0.012684956672436298,-0.009627542164918068,-0.022653348558515498,-0.011019922897782225,-0.006336827523734406,-0.009876368206292285,0.006220225873877716,-0.006042826535775925,-0.006836948547318228
64473,-0.014820100204884112,0.012269999479813137,-0.006724669763287533,-0.009137353313248303,-0.022230903698768664,-0.018861195173132783,-0.00983587784049636,-0.022943504066237297,-0.024778388145514058,0.0051275978793566546,-0.025651783911229367,-0.0019621234223939354,0.011552447648236791,-0.009876368206292285,0.00622012764633656,-0.006042826535775925,-0.006836948547318172
64783,-0.014820100204884112,0.012269999479813137,-0.006724669763287533,-0.009137353313248275,-0.022228035522353973,-0.020883535357399813,-0.00983587784049636,-0.02305967760294156,-0.025455768868390252,0.00512759787935671,-0.02478536796271881,-0.001962123422393991,0.011552447648236791,0.006065516780853292,0.00622012764633656,-0.006042826535775897,-0.0068369485473182
64795,-0.014820100204884112,0.012269999479813137,-0.006724669763287533,-0.009137353313248275,-0.022250153638127698,-0.020695145882155902,-0.00983587784049636,-0.02327020902018473,-0.02531471376196534,0.00512759787935671,-0.02866544738666784,-0.001962123422393991,0.011552447648236791,0.006065516780853292,0.00622012764633656,-0.006042826535775897,-0.0068369485473182
64796,-0.014820100204884112,0.012269999479813137,-0.006724669763287533,-0.009137353313248275,-0.02224984656501834,-0.020752140573849776,-0.00983587784049636,-0.02328269668591361,-0.025160161230601275,0.00512759787935671,-0.028286907389731906,-0.001962123422393991,0.011552447648236791,0.006065516780853292,0.00622012764633656,-0.006042826535775897,-0.0068369485473182
64813,-0.014820100204884112,0.012269999479813137,-0.006724669763287533,-0.009137353313248275,-0.022247492222846776,-0.020943410461015388,-0.00983587784049636,-0.023172224119520343,-0.02531838067989775,0.00512759787935671,-0.02677469775727851,-0.001962123422393991,0.011552447648236791,0.006065516780853292,0.00622012764633656,-0.006042826535775897,-0.0068369485473182
77140,-0.014592302555655773,-0.008363077444099698,-0.006724669763287533,-0.009137353313248261,-0.013573074102597477,-0.015079266967812567,-0.00983548826223403,-0.014309279899133512,-0.014472713767720455,-0.009627493811298668,-0.010372723025379608,-0.010995818872581845,-0.006336734239108327,-0.00987427847165781,-0.008600489709363113,-0.00604282159286082,-0.006836948547318228
77146,-0.014592884117070534,-0.008363077444099698,-0.006724669763287533,-0.009137353313248261,-0.01400659221914646,-0.01444027609603657,-0.00983548826223403,-0.013965744583165952,-0.014463458167403173,-0.009627493811298668,-0.010930405135476703,-0.010995818872581845,-0.006336734239108327,-0.00987427847165781,-0.008600489709363113,-0.00604282159286082,-0.006836948547318228
77154,-0.014608356894958839,-0.008363077444099698,-0.006724669763287533,-0.009137353313248261,-0.01420077015108332,-0.013755491347216417,-0.00983548826223403,-0.014409289374203764,-0.0142172115581191,-0.009627493811298668,-0.011208240992717953,-0.010995818872581845,-0.006336734239108327,-0.00987427847165781,-0.008600489709363113,-0.00604282159286082,-0.006836948547318228
98666,-0.00203640278881953,-0.00836307744409967,-0.014902520346592202,-0.009137353313248303,-0.02213568292040946,-0.019264797045231846,-0.009835877840496332,-0.02452246902093355,-0.025319132807187,-0.00962754216491804,-0.03524860916303708,-0.001961981718623995,-0.006336827523734406,0.006065375077083324,-0.00860048970936314,0.013779524625650769,0.01317883362840458
98980,-0.0020364027888194747,-0.00836307744409967,-0.014902520346592174,-0.009137353313248303,-0.019913812875839237,-0.01989617028566848,-0.009835877840496332,-0.024764976325598903,-0.024725688430553908,0.005127756524417854,-0.03661922432426011,-0.001962123422393963,-0.006336827523734462,0.0060653581357921205,-0.008600489709363113,0.013779524625650769,0.013621333604057345
102428,-0.002036402788819558,-0.008363077444099726,-0.014902520346592216,-0.009137353313248303,-0.021967414075732758,-0.01247194661233525,-0.009835877840496332,-0.024512173189412942,-0.025391803105146334,-0.00962754216491804,-0.026246014361649757,-0.0019619841042412822,-0.0063368275237343785,0.006065377462700666,-0.008600489709363085,0.013779524625650769,0.013108540220933745
102433,-0.0020364027888195024,-0.008363077444099698,-0.01490252034659223,-0.009137353313248303,-0.021862442570334928,-0.01247194661233525,-0.009835877840496332,-0.02449243665519968,-0.02537126101175296,-0.009627542164918013,-0.026461663093016105,-0.0019619817774812476,-0.0063368275237343785,0.006065375135940604,-0.00860048970936314,0.013779524625650769,0.01317709937128228
102436,-0.002036402788819558,-0.008363077444099726,-0.014902520346592202,-0.009137353313248275,-0.021831485348596705,-0.01247194661233525,-0.009835877840496332,-0.024284771857827625,-0.02538054908203872,-0.00962754216491804,-0.02617587440939388,-0.0019619851359373164,-0.0063368275237343785,0.0060653784943967,-0.008600489709363113,0.013779524625650769,0.013078140782206205
159787,-0.0007963075074029768,0.012269999479813137,-0.019403361808785075,-0.01857224013402553,-0.022221990876184566,-0.02607812883380739,-0.009835877840496304,-0.022805733941568346,-0.02375744112350356,0.0051275978793566546,-0.0276176802371558,-0.011019922897782225,0.011552447648236791,-0.009876368206292313,0.00622012764633656,-0.006042826535775925,-0.006836948547318256
159795,-0.0007963075074029768,0.012269999479813137,-0.019403361808785075,-0.01857224013402553,-0.022221990876184566,-0.02598910106802646,-0.009835877840496304,-0.022805836403601995,-0.02377336632375189,0.0051275978793566546,-0.027593765350364646,-0.011019922897782225,0.011552447648236791,-0.009876368206292313,0.00622012764633656,-0.006042826535775925,-0.006836948547318256
159801,-0.0007963075074029768,0.012269999479813137,-0.019403361808785075,-0.01857224013402553,-0.022221990876184566,-0.02598450604705313,-0.009835877840496304,-0.0228059388652503,-0.024257598831308784,0.0051275978793566546,-0.02795720049670438,-0.011019922897782225,0.011552447648236791,-0.009876368206292313,0.00622012764633656,-0.006042826535775925,-0.006836948547318256
160706,-0.0012527822425104918,-0.008363077444099698,-0.01940336180878509,-0.01857224013402553,-0.012377887446580707,-0.01868398941772423,-0.00983587784049636,-0.02477606911370899,-0.024442106841101083,-0.009627542164918013,-0.011436207226353431,-0.011019922897782225,0.01155254587577803,-0.009876368206292285,0.006220127646336532,-0.006042826535775925,-0.006836948547318228
160745,-0.014704498008029476,-0.00836307744409967,-0.014430421037658285,-0.017484658772516745,-0.013903054496995262,-0.01629769942203765,-0.009817219553667877,-0.006308163356825818,-0.012876555211734756,-0.00962754216491804,-0.0023080419708998564,-0.01097518815379657,-0.006336734239108327,-0.009861420663527201,-0.00860048970936314,-0.00604282159286082,-0.006836948547318228
160807,-0.014759434795890744,-0.00836307744409967,-0.01571531184729079,-0.01815891396742489,-0.01655481616377704,-0.005322187050986638,-0.009817219553667877,-0.015327869273727906,-0.010614903925320118,-0.00962754216491804,-0.001859655252279727,-0.01097518815379657,-0.006336734239108327,-0.009861420663527201,-0.00860048970936314,-0.00604282159286082,-0.006836948547318228
161562,-0.0007963075074030046,0.011366999307863557,-0.019403361808785116,-0.01857224013402553,-0.011240318282463913,-0.02502305298676198,-0.009835877840496304,-0.013057874686070198,-0.019302906537900663,0.005127597879356682,-0.030148445898880286,-0.0019621234223939354,0.01155254587577803,-0.009876368206292258,0.006220127646336532,-0.0060428265357759525,-0.006836948547318256
161591,-0.0007963075074030601,0.0112636689027035,-0.019403361808785102,-0.018572240134025517,-0.011222218921733945,-0.024530333691546446,-0.009835877840496388,-0.013456471396705444,-0.018495168567767922,0.00512759787935671,-0.027323469859801587,-0.0019621234223939354,0.01155254587577803,-0.009876368206292258,0.006220127646336504,-0.006042826535775925,-0.006836948547318172
161616,-0.014759434795890744,-0.00836307744409967,-0.013683306398680616,-0.016936685385195896,-0.017321607062099925,-0.005913086825726565,-0.009817219553667877,-0.016041349059148394,-0.011627440528228077,-0.00962754216491804,-0.002030182221727633,-0.01097518815379657,-0.006336734239108327,-0.009861420663527201,-0.00860048970936314,-0.00604282159286082,-0.006836948547318228
162843,-0.014759434795890744,-0.00836307744409967,-0.01571531184729079,-0.01815891396742489,-0.016708826024806604,-0.005294406239730093,-0.009817219553667877,-0.015314033271216911,-0.010522214775538608,-0.00962754216491804,-0.001839951354799212,-0.01097518815379657,-0.006336734239108327,-0.009861420663527201,-0.00860048970936314,-0.00604282159286082,-0.006836948547318228
165865,-0.0007963075074030601,0.011066864719790764,-0.019403361808785102,-0.018572240134025544,-0.011683356514755744,-0.023578041503068706,-0.009835877840496332,-0.012857401132401775,-0.017891283866527663,-0.00962754216491804,-0.028476769815005572,-0.0019621234223939077,0.01155254587577803,-0.009876368206292285,0.00622012764633656,-0.006042826535775925,-0.006836948547318228
165869,-0.0007963075074030046,0.010919252732661172,-0.019403361808785102,-0.01857224013402553,-0.011982224178196693,-0.02357804150306872,-0.009835877840496332,-0.013891706281277783,-0.01981662098051118,-0.009627542164918068,-0.027317360309686064,-0.001962123422393991,0.01155254587577803,-0.009876368206292285,0.00622012764633656,-0.006042826535775897,-0.0068369485473182
165877,-0.0007963075074030046,0.010945769697890129,-0.01940336180878509,-0.01857224013402556,-0.011769662426139277,-0.023578041503068727,-0.00983587784049636,-0.013149164212643921,-0.018654969600471055,-0.00962754216491804,-0.026591938973997954,-0.0019621234223939354,0.01155254587577803,-0.009876368206292258,0.00622012764633656,-0.006042826535775925,-0.006836948547318228
169883,-0.0007963075074030601,0.011409350730974571,-0.019403361808785102,-0.01857224013402553,-0.011107514986245404,-0.02541667627209341,-0.009835877840496332,-0.012636249259564997,-0.021379216229670553,0.005127597879356682,-0.0249163289858627,-0.0019621234223939354,0.01155254587577803,0.006065516780853347,0.006220127646336587,-0.006042826535775925,-0.006836948547318228
169892,-0.0007963075074030601,0.010073302963465564,-0.019403361808785075,-0.01857224013402553,-0.012657484084520887,-0.025437352405390926,-0.009835877840496388,-0.02284945021705008,-0.025149662510638063,0.005058575317441749,-0.02556808040624229,-0.0019621234223939354,-0.006336827523734406,0.006065516780853292,-0.008600489709363113,0.013779524625650769,0.012964049730588123
169895,-0.0007963075074030046,0.011588667463071162,-0.019403361808785102,-0.018572240134025503,-0.011120916891373567,-0.025581647603570193,-0.009835877840496277,-0.015680839697511245,-0.023337758754172072,0.005127597879356682,-0.02603163433620858,-0.0019621234223939354,0.011552447648236819,0.0060655167808533195,0.006220127646336532,-0.006042826535775925,-0.006836948547318283
169899,-0.0007963075074030601,0.011660064634914813,-0.019403361808785102,-0.01857224013402553,-0.011113369502916942,-0.025337944328839304,-0.009835877840496332,-0.012867290218610244,-0.02165442886999161,0.005127597879356682,-0.02575378809343274,-0.0019621234223939354,0.011552447648236819,0.0060655167808533195,0.00622012764633656,-0.006042826535775925,-0.006836948547318228
169905,-0.0007963075074030324,0.011550655570064822,-0.019403361808785102,-0.01857224013402553,-0.011119222761684533,-0.0251521541899955,-0.009835877840496388,-0.013436245906855021,-0.022102231061921274,0.005127597879356682,-0.02574472691520585,-0.0019621234223939077,0.01155254587577803,0.0060655167808533195,0.006220127646336532,-0.006042826535775925,-0.006836948547318228
186820,-0.0007963075074030324,-0.00836307744409967,-0.019403361808785075,-0.018572240134025586,-0.01648540280514943,-0.02098006134172084,-0.00983587784049636,-0.024317651156468542,-0.025464560609354044,0.005127759990572689,-0.03505939289770214,-0.001962123422393963,-0.006336827523734434,0.006065354669637313,-0.008600489709363113,0.013779524625650769,0.013708875304196066
186832,-0.0007963075074030324,-0.00836307744409967,-0.019403361808785075,-0.01857224013402556,-0.016489702765283137,-0.020644878035677425,-0.00983587784049636,-0.024708756061642217,-0.025454272119226316,0.005127759990572689,-0.03725533898764829,-0.001962123422393963,-0.006336827523734434,0.006065354669637313,-0.008600489709363113,0.013779524625650769,0.013708875304196066
189380,-0.0007963075074030046,-0.008363077444099698,-0.01940336180878509,-0.018572240134025544,-0.016313736437099005,-0.015970124616855097,-0.009835877840496332,-0.020123538276638077,-0.020949636744001042,-0.00962754216491804,-0.03160958366279691,-0.0019621234223939354,-0.006336827523734434,0.006065516780853292,-0.008600489709363113,-0.006042826535775925,0.013667242702174232
190545,-0.014759434795890744,-0.00836307744409967,-0.01571531184729079,-0.01815891396742489,-0.0010987970954526086,-0.016159730278252613,-0.009817219553667877,-0.015007674021389968,-0.006253433597146567,-0.00962754216491804,-0.011159796673849672,-0.01097518815379657,-0.006336734239108327,-0.009861420663527201,-0.00860048970936314,-0.00604282159286082,-0.006836948547318228
190554,-0.014759434795890744,-0.00836307744409967,-0.01571531184729079,-0.01815891396742489,-0.0011088705405572987,-0.016128142993954125,-0.009817219553667877,-0.015042386938552348,-0.011559945326207965,-0.00962754216491804,-0.005840085866819691,-0.01097518815379657,-0.006336734239108327,-0.009861420663527201,-0.00860048970936314,-0.00604282159286082,-0.006836948547318228
190572,-0.014759434795890744,-0.00836307744409967,-0.013977804435144181,-0.01709815730468397,-0.0012306281585533368,-0.017516849550422903,-0.009817219553667877,-0.015207950466400628,-0.006704111162727754,-0.00962754216491804,-0.011818156402874336,-0.01097518815379657,-0.006336734239108327,-0.009861420663527201,-0.00860048970936314,-0.00604282159286082,-0.006836948547318228
191102,-0.0007963075074030046,-0.008363077444099642,-0.019402615772414047,-0.018572240134025544,-0.019939842440016817,-0.015884521630523937,-0.009835877840496332,-0.020476370970739177,-0.01697967617664517,-0.009627542164918068,-0.010061593902438838,-0.001962123422393991,-0.0063368275237343785,-0.009876368206292313,0.006220225873877716,-0.006042826535775897,-0.006836948547318283
191529,-0.014448466114565663,-0.00836307744409967,-0.011320966636701702,-0.01514334223511015,-0.014460682080567444,-0.012480294758493701,-0.009817219553667877,-0.016964955319845598,-0.009391749532232435,-0.00962754216491804,-0.004102635599181156,-0.01097518815379657,-0.006336734239108327,-0.009861420663527201,-0.00860048970936314,-0.00604282159286082,-0.006836948547318228
192043,-0.0007962092798618481,-0.008363077444099698,-0.013992206816873671,-0.017972015403351294,-0.015053716913968687,-0.015844982319644763,-0.009835877840496346,-0.014905433178619518,-0.01550360318312561,-0.00962754216491804,-0.013224285855520343,-0.0019621234223939354,-0.006336827523734406,-0.0098763682062923,-0.008600489709363113,-0.006042826535775925,-0.006836948547318228
192734,-0.014682025457574646,-0.00836307744409967,-0.012759623225840011,-0.016121910796610073,-0.017584177796726816,-0.012602853689476848,-0.009817219553667877,-0.013863318684348456,-0.0076561308689956885,-0.00962754216491804,-0.0030430517571253114,-0.01097518815379657,-0.006336734239108327,-0.009861420663527201,-0.00860048970936314,-0.00604282159286082,-0.006836948547318228
198708,-0.014759434795890744,-0.00836307744409967,-0.014352973197768952,-0.01737176496118039,-0.015091747706326031,-0.015782075466202597,-0.009817219553667877,-0.0011906448512104238,-0.012826017607013584,-0.00962754216491804,-0.006938433691105128,-0.01097518815379657,-0.006336734239108327,-0.009861420663527201,-0.00860048970936314,-0.00604282159286082,-0.006836948547318228
198816,-0.014759434795890744,-0.00836307744409967,-0.01571531184729079,-0.01815891396742489,-0.009579117275300815,-0.0009452180941176162,-0.009817219553667877,-0.018611555211825098,-0.015228839989934104,-0.00962754216491804,-0.005314701094913796,-0.01097518815379657,-0.006336734239108327,-0.009861420663527201,-0.00860048970936314,-0.00604282159286082,-0.006836948547318228
198840,-0.014759434795890744,-0.00836307744409967,-0.014091839133713702,-0.01721177523977615,-0.011346450101533803,-0.015705634035166866,-0.009817219553667877,-0.017662506363487873,-0.0055714082258732246,-0.00962754216491804,-0.001964044381255489,-0.01097518815379657,-0.006336734239108327,-0.009861420663527201,-0.00860048970936314,-0.00604282159286082,-0.006836948547318228
210411,0.002931866718235032,0.012263340214927088,-0.014902520346592202,-0.009137353313248303,-0.011772519549450078,-0.023009625450328433,-0.018999652858556995,-0.01197142282737601,-0.02107253285101819,0.005127597879356627,-0.032208839965140186,-0.011019922897782225,0.011552447648236819,-0.009876368206292258,0.006220127646336587,-0.006042826535775897,-0.0068369485473182
239412,0.002931866718235032,-0.008363077444099698,-0.014902520346592174,-0.009137353313248331,-0.015920289859214204,-0.020201814930312437,-0.01899965285855698,-0.015966283360484695,-0.019417451350401516,0.005127759990572689,-0.034383657431950924,-0.001962123422393991,-0.0063368275237343785,0.006065354669637313,-0.008600489709363113,0.013779524625650769,0.013708875304196066
240053,-0.014820100204884105,-0.008363077444099726,-0.013518642756063855,-0.009137353313248303,-0.01397115041763762,-0.012603613405285416,-0.013949298136450919,-0.012880715917673272,-0.013347297805773345,-0.00962754216491804,-0.012900257061986456,-0.001962025194852751,-0.006336827523734406,-0.009876368206292271,-0.008600489709363085,-0.0060428265357759525,-0.0068369485473182
240405,-0.014820099655504279,-0.008363077444099726,-0.014453412139739455,-0.009137353313248303,-0.014613631118443802,-0.013625053103452425,-0.01098503657174599,-0.015444255137271191,-0.01462665663463071,-0.00962754216491804,-0.009422931344967135,-0.001962025194852751,-0.006336827523734406,-0.009876368206292271,-0.008600489709363085,-0.0060428265357759525,-0.0068369485473182
240625,0.002931866718235032,-0.008363077444099698,-0.01490252034659223,-0.009137353313248331,-0.014860437424277784,-0.012696945714692487,-0.01899965285855698,-0.01201287267390741,-0.017044113328055804,0.005127759990572689,-0.02910449380449169,-0.001962123422393991,-0.0063368275237343785,0.006065354669637313,-0.008600489709363113,0.013779524625650769,0.013708875304196066
240726,-0.014820100204884099,-0.008363077444099726,-0.014618305409271205,-0.009137353313248303,-0.015860761812561228,-0.013074341561662275,-0.015101517431596021,-0.013458637523120112,-0.01253090566593925,-0.00962754216491804,-0.008526506096720798,-0.001962025194852751,-0.006336827523734406,-0.009876368206292271,-0.008600489709363085,-0.0060428265357759525,-0.0068369485473182
245409,0.002931866718235032,-0.008363077444099698,-0.01490252034659223,-0.009137353313248331,-0.015026138059477168,-0.014065531474731885,-0.01899965285855701,-0.012786004735375056,-0.020681667427506795,0.005127759990572689,-0.036676681360093846,-0.001962123422393991,-0.0063368275237343785,0.006065354669637313,-0.008600489709363113,0.013779524625650769,0.013708875304196066
249893,0.002931866718235032,0.010695751792215713,-0.01490252034659223,-0.009137353313248303,-0.0204758496627805,-0.024068613359460568,-0.018999652858556954,-0.022390378008939157,-0.020520351436335904,0.005127597879356682,-0.033129868090068834,-0.0019621234223939354,0.01155254587577803,-0.00987636820629223,0.006220127646336532,-0.006042826535775925,-0.006836948547318228
252759,0.0022005408496250656,-0.00836307744409967,-0.014902520346592174,-0.009137353313248275,-0.017197330717558953,-0.015574873938410227,-0.018999652858556995,-0.014541091765286035,-0.016094141476624038,-0.00962754216491804,-0.03229810469690801,-0.0019621234223940187,-0.0063368275237343785,0.006065358385856312,-0.00860048970936314,0.013779524625650769,0.013615017947356062
