dataset_name,model_name,observation,metric_params,LIME,MAPLE,SHAP
MetroPT3,AutoEncoder,2020-07-08 17:30:00,"{""abs"": true, ""features_in_step"": 1, ""normalise"": true, ""perturb_baseline"": ""black""}",True,True,True
MetroPT3,AutoEncoder,2020-07-08 18:30:00,"{""abs"": true, ""features_in_step"": 1, ""normalise"": true, ""perturb_baseline"": ""black""}",True,True,True
MetroPT3,AutoEncoder,2020-07-15 16:00:00,"{""abs"": true, ""features_in_step"": 1, ""normalise"": true, ""perturb_baseline"": ""black""}",True,True,True
MetroPT3,AutoEncoder,2020-07-15 17:00:00,"{""abs"": true, ""features_in_step"": 1, ""normalise"": true, ""perturb_baseline"": ""black""}",True,True,True
MetroPT3,AutoEncoder,2020-07-15 17:30:00,"{""abs"": true, ""features_in_step"": 1, ""normalise"": true, ""perturb_baseline"": ""black""}",True,True,True
MetroPT3,AutoEncoder,2020-07-15 18:00:00,"{""abs"": true, ""features_in_step"": 1, ""normalise"": true, ""perturb_baseline"": ""black""}",True,True,True
MetroPT3,AutoEncoder,2020-07-15 18:30:00,"{""abs"": true, ""features_in_step"": 1, ""normalise"": true, ""perturb_baseline"": ""black""}",True,True,True
MetroPT3,AutoEncoder,2020-07-15 19:00:00,"{""abs"": true, ""features_in_step"": 1, ""normalise"": true, ""perturb_baseline"": ""black""}",True,True,True
MetroPT3,AutoEncoder,2020-07-17 04:00:00,"{""abs"": true, ""features_in_step"": 1, ""normalise"": true, ""perturb_baseline"": ""black""}",True,True,True
MetroPT3,AutoEncoder,2020-07-17 04:30:00,"{""abs"": true, ""features_in_step"": 1, ""normalise"": true, ""perturb_baseline"": ""black""}",True,True,True
MetroPT3,AutoEncoder,2020-07-17 05:00:00,"{""abs"": true, ""features_in_step"": 1, ""normalise"": true, ""perturb_baseline"": ""black""}",True,True,True
MetroPT3,AutoEncoder,2020-07-17 05:30:00,"{""abs"": true, ""features_in_step"": 1, ""normalise"": true, ""perturb_baseline"": ""black""}",True,True,True
MetroPT3,AutoEncoder,2020-07-17 07:30:00,"{""abs"": true, ""features_in_step"": 1, ""normalise"": true, ""perturb_baseline"": ""black""}",True,True,True
MetroPT3,AutoEncoder,2020-07-24 23:30:00,"{""abs"": true, ""features_in_step"": 1, ""normalise"": true, ""perturb_baseline"": ""black""}",True,True,True
MetroPT3,AutoEncoder,2020-07-25 00:00:00,"{""abs"": true, ""features_in_step"": 1, ""normalise"": true, ""perturb_baseline"": ""black""}",True,True,True
MetroPT3,AutoEncoder,2020-07-29 00:00:00,"{""abs"": true, ""features_in_step"": 1, ""normalise"": true, ""perturb_baseline"": ""black""}",True,True,True
MetroPT3,AutoEncoder,2020-07-29 00:30:00,"{""abs"": true, ""features_in_step"": 1, ""normalise"": true, ""perturb_baseline"": ""black""}",True,True,True
MetroPT3,AutoEncoder,2020-07-29 01:00:00,"{""abs"": true, ""features_in_step"": 1, ""normalise"": true, ""perturb_baseline"": ""black""}",True,True,True
MetroPT3,AutoEncoder,2020-07-31 06:00:00,"{""abs"": true, ""features_in_step"": 1, ""normalise"": true, ""perturb_baseline"": ""black""}",True,True,True
MetroPT3,AutoEncoder,2020-08-03 02:00:00,"{""abs"": true, ""features_in_step"": 1, ""normalise"": true, ""perturb_baseline"": ""black""}",True,True,True
MetroPT3,AutoEncoder,2020-08-03 05:00:00,"{""abs"": true, ""features_in_step"": 1, ""normalise"": true, ""perturb_baseline"": ""black""}",True,True,True
MetroPT3,AutoEncoder,2020-08-03 05:30:00,"{""abs"": true, ""features_in_step"": 1, ""normalise"": true, ""perturb_baseline"": ""black""}",True,True,True
MetroPT3,AutoEncoder,2020-08-03 06:00:00,"{""abs"": true, ""features_in_step"": 1, ""normalise"": true, ""perturb_baseline"": ""black""}",True,True,True
MetroPT3,AutoEncoder,2020-08-05 08:30:00,"{""abs"": true, ""features_in_step"": 1, ""normalise"": true, ""perturb_baseline"": ""black""}",True,True,True
MetroPT3,AutoEncoder,2020-08-07 04:30:00,"{""abs"": true, ""features_in_step"": 1, ""normalise"": true, ""perturb_baseline"": ""black""}",True,True,True
MetroPT3,AutoEncoder,2020-08-08 16:00:00,"{""abs"": true, ""features_in_step"": 1, ""normalise"": true, ""perturb_baseline"": ""black""}",True,True,True
MetroPT3,AutoEncoder,2020-08-08 20:00:00,"{""abs"": true, ""features_in_step"": 1, ""normalise"": true, ""perturb_baseline"": ""black""}",True,True,True
MetroPT3,AutoEncoder,2020-08-09 00:00:00,"{""abs"": true, ""features_in_step"": 1, ""normalise"": true, ""perturb_baseline"": ""black""}",True,True,True
MetroPT3,AutoEncoder,2020-08-10 11:30:00,"{""abs"": true, ""features_in_step"": 1, ""normalise"": true, ""perturb_baseline"": ""black""}",True,True,True
MetroPT3,AutoEncoder,2020-08-12 23:00:00,"{""abs"": true, ""features_in_step"": 1, ""normalise"": true, ""perturb_baseline"": ""black""}",True,True,True
MetroPT3,AutoEncoder,2020-08-12 23:30:00,"{""abs"": true, ""features_in_step"": 1, ""normalise"": true, ""perturb_baseline"": ""black""}",True,True,True
MetroPT3,AutoEncoder,2020-08-14 23:00:00,"{""abs"": true, ""features_in_step"": 1, ""normalise"": true, ""perturb_baseline"": ""black""}",True,True,True
MetroPT3,AutoEncoder,2020-08-15 00:00:00,"{""abs"": true, ""features_in_step"": 1, ""normalise"": true, ""perturb_baseline"": ""black""}",True,True,True
MetroPT3,AutoEncoder,2020-08-15 05:30:00,"{""abs"": true, ""features_in_step"": 1, ""normalise"": true, ""perturb_baseline"": ""black""}",True,True,True
MetroPT3,AutoEncoder,2020-08-15 08:30:00,"{""abs"": true, ""features_in_step"": 1, ""normalise"": true, ""perturb_baseline"": ""black""}",True,True,True
MetroPT3,AutoEncoder,2020-08-19 00:30:00,"{""abs"": true, ""features_in_step"": 1, ""normalise"": true, ""perturb_baseline"": ""black""}",True,True,True
MetroPT3,AutoEncoder,2020-08-19 11:00:00,"{""abs"": true, ""features_in_step"": 1, ""normalise"": true, ""perturb_baseline"": ""black""}",True,True,True
MetroPT3,AutoEncoder,2020-08-22 12:30:00,"{""abs"": true, ""features_in_step"": 1, ""normalise"": true, ""perturb_baseline"": ""black""}",True,True,True
MetroPT3,AutoEncoder,2020-08-24 06:30:00,"{""abs"": true, ""features_in_step"": 1, ""normalise"": true, ""perturb_baseline"": ""black""}",True,True,True
MetroPT3,AutoEncoder,2020-08-24 10:00:00,"{""abs"": true, ""features_in_step"": 1, ""normalise"": true, ""perturb_baseline"": ""black""}",True,True,True
MetroPT3,AutoEncoder,2020-08-30 08:30:00,"{""abs"": true, ""features_in_step"": 1, ""normalise"": true, ""perturb_baseline"": ""black""}",True,True,True
MetroPT3,AutoEncoder,2020-08-30 19:00:00,"{""abs"": true, ""features_in_step"": 1, ""normalise"": true, ""perturb_baseline"": ""black""}",True,True,True
MetroPT3,ECOD,2020-07-08 17:30:00,"{""abs"": true, ""features_in_step"": 1, ""normalise"": true, ""perturb_baseline"": ""black""}",True,True,True
MetroPT3,ECOD,2020-07-08 18:30:00,"{""abs"": true, ""features_in_step"": 1, ""normalise"": true, ""perturb_baseline"": ""black""}",True,True,True
MetroPT3,ECOD,2020-07-15 16:00:00,"{""abs"": true, ""features_in_step"": 1, ""normalise"": true, ""perturb_baseline"": ""black""}",True,True,True
MetroPT3,ECOD,2020-07-15 17:00:00,"{""abs"": true, ""features_in_step"": 1, ""normalise"": true, ""perturb_baseline"": ""black""}",True,True,True
MetroPT3,ECOD,2020-07-15 17:30:00,"{""abs"": true, ""features_in_step"": 1, ""normalise"": true, ""perturb_baseline"": ""black""}",True,True,True
MetroPT3,ECOD,2020-07-15 18:00:00,"{""abs"": true, ""features_in_step"": 1, ""normalise"": true, ""perturb_baseline"": ""black""}",True,True,True
MetroPT3,ECOD,2020-07-15 18:30:00,"{""abs"": true, ""features_in_step"": 1, ""normalise"": true, ""perturb_baseline"": ""black""}",True,True,True
MetroPT3,ECOD,2020-07-15 19:00:00,"{""abs"": true, ""features_in_step"": 1, ""normalise"": true, ""perturb_baseline"": ""black""}",True,True,True
MetroPT3,ECOD,2020-07-17 04:00:00,"{""abs"": true, ""features_in_step"": 1, ""normalise"": true, ""perturb_baseline"": ""black""}",True,True,True
MetroPT3,ECOD,2020-07-17 04:30:00,"{""abs"": true, ""features_in_step"": 1, ""normalise"": true, ""perturb_baseline"": ""black""}",True,True,True
MetroPT3,ECOD,2020-07-17 05:00:00,"{""abs"": true, ""features_in_step"": 1, ""normalise"": true, ""perturb_baseline"": ""black""}",True,True,True
MetroPT3,ECOD,2020-07-17 05:30:00,"{""abs"": true, ""features_in_step"": 1, ""normalise"": true, ""perturb_baseline"": ""black""}",True,True,True
MetroPT3,ECOD,2020-07-17 07:30:00,"{""abs"": true, ""features_in_step"": 1, ""normalise"": true, ""perturb_baseline"": ""black""}",True,True,True
MetroPT3,ECOD,2020-07-24 23:30:00,"{""abs"": true, ""features_in_step"": 1, ""normalise"": true, ""perturb_baseline"": ""black""}",True,True,True
MetroPT3,ECOD,2020-07-25 00:00:00,"{""abs"": true, ""features_in_step"": 1, ""normalise"": true, ""perturb_baseline"": ""black""}",True,True,True
MetroPT3,ECOD,2020-07-29 00:00:00,"{""abs"": true, ""features_in_step"": 1, ""normalise"": true, ""perturb_baseline"": ""black""}",True,True,True
MetroPT3,ECOD,2020-07-29 00:30:00,"{""abs"": true, ""features_in_step"": 1, ""normalise"": true, ""perturb_baseline"": ""black""}",True,True,True
MetroPT3,ECOD,2020-07-29 01:00:00,"{""abs"": true, ""features_in_step"": 1, ""normalise"": true, ""perturb_baseline"": ""black""}",True,True,True
MetroPT3,ECOD,2020-07-31 06:00:00,"{""abs"": true, ""features_in_step"": 1, ""normalise"": true, ""perturb_baseline"": ""black""}",True,True,True
MetroPT3,ECOD,2020-08-03 02:00:00,"{""abs"": true, ""features_in_step"": 1, ""normalise"": true, ""perturb_baseline"": ""black""}",True,True,True
MetroPT3,ECOD,2020-08-03 05:00:00,"{""abs"": true, ""features_in_step"": 1, ""normalise"": true, ""perturb_baseline"": ""black""}",True,True,True
MetroPT3,ECOD,2020-08-03 05:30:00,"{""abs"": true, ""features_in_step"": 1, ""normalise"": true, ""perturb_baseline"": ""black""}",True,True,True
MetroPT3,ECOD,2020-08-03 06:00:00,"{""abs"": true, ""features_in_step"": 1, ""normalise"": true, ""perturb_baseline"": ""black""}",True,True,True
MetroPT3,ECOD,2020-08-05 08:30:00,"{""abs"": true, ""features_in_step"": 1, ""normalise"": true, ""perturb_baseline"": ""black""}",True,True,True
MetroPT3,ECOD,2020-08-07 04:30:00,"{""abs"": true, ""features_in_step"": 1, ""normalise"": true, ""perturb_baseline"": ""black""}",True,True,True
MetroPT3,ECOD,2020-08-08 16:00:00,"{""abs"": true, ""features_in_step"": 1, ""normalise"": true, ""perturb_baseline"": ""black""}",True,True,True
MetroPT3,ECOD,2020-08-08 20:00:00,"{""abs"": true, ""features_in_step"": 1, ""normalise"": true, ""perturb_baseline"": ""black""}",True,True,True
MetroPT3,ECOD,2020-08-09 00:00:00,"{""abs"": true, ""features_in_step"": 1, ""normalise"": true, ""perturb_baseline"": ""black""}",True,True,True
MetroPT3,ECOD,2020-08-10 11:30:00,"{""abs"": true, ""features_in_step"": 1, ""normalise"": true, ""perturb_baseline"": ""black""}",True,True,True
MetroPT3,ECOD,2020-08-12 23:00:00,"{""abs"": true, ""features_in_step"": 1, ""normalise"": true, ""perturb_baseline"": ""black""}",True,True,True
MetroPT3,ECOD,2020-08-12 23:30:00,"{""abs"": true, ""features_in_step"": 1, ""normalise"": true, ""perturb_baseline"": ""black""}",True,True,True
MetroPT3,ECOD,2020-08-14 23:00:00,"{""abs"": true, ""features_in_step"": 1, ""normalise"": true, ""perturb_baseline"": ""black""}",True,True,True
MetroPT3,ECOD,2020-08-15 00:00:00,"{""abs"": true, ""features_in_step"": 1, ""normalise"": true, ""perturb_baseline"": ""black""}",True,True,True
MetroPT3,ECOD,2020-08-15 05:30:00,"{""abs"": true, ""features_in_step"": 1, ""normalise"": true, ""perturb_baseline"": ""black""}",True,True,True
MetroPT3,ECOD,2020-08-15 08:30:00,"{""abs"": true, ""features_in_step"": 1, ""normalise"": true, ""perturb_baseline"": ""black""}",True,True,True
MetroPT3,ECOD,2020-08-19 00:30:00,"{""abs"": true, ""features_in_step"": 1, ""normalise"": true, ""perturb_baseline"": ""black""}",True,True,True
MetroPT3,ECOD,2020-08-19 11:00:00,"{""abs"": true, ""features_in_step"": 1, ""normalise"": true, ""perturb_baseline"": ""black""}",True,True,True
MetroPT3,ECOD,2020-08-22 12:30:00,"{""abs"": true, ""features_in_step"": 1, ""normalise"": true, ""perturb_baseline"": ""black""}",True,True,True
MetroPT3,ECOD,2020-08-24 06:30:00,"{""abs"": true, ""features_in_step"": 1, ""normalise"": true, ""perturb_baseline"": ""black""}",True,True,True
MetroPT3,ECOD,2020-08-24 10:00:00,"{""abs"": true, ""features_in_step"": 1, ""normalise"": true, ""perturb_baseline"": ""black""}",True,True,True
MetroPT3,ECOD,2020-08-30 08:30:00,"{""abs"": true, ""features_in_step"": 1, ""normalise"": true, ""perturb_baseline"": ""black""}",True,True,True
MetroPT3,ECOD,2020-08-30 19:00:00,"{""abs"": true, ""features_in_step"": 1, ""normalise"": true, ""perturb_baseline"": ""black""}",True,True,True
MetroPT3,HBOS,2020-07-08 17:30:00,"{""abs"": true, ""features_in_step"": 1, ""normalise"": true, ""perturb_baseline"": ""black""}",True,True,True
MetroPT3,HBOS,2020-07-08 18:30:00,"{""abs"": true, ""features_in_step"": 1, ""normalise"": true, ""perturb_baseline"": ""black""}",True,True,True
MetroPT3,HBOS,2020-07-15 16:00:00,"{""abs"": true, ""features_in_step"": 1, ""normalise"": true, ""perturb_baseline"": ""black""}",True,True,True
MetroPT3,HBOS,2020-07-15 17:00:00,"{""abs"": true, ""features_in_step"": 1, ""normalise"": true, ""perturb_baseline"": ""black""}",True,True,True
MetroPT3,HBOS,2020-07-15 17:30:00,"{""abs"": true, ""features_in_step"": 1, ""normalise"": true, ""perturb_baseline"": ""black""}",True,True,True
MetroPT3,HBOS,2020-07-15 18:00:00,"{""abs"": true, ""features_in_step"": 1, ""normalise"": true, ""perturb_baseline"": ""black""}",True,True,True
MetroPT3,HBOS,2020-07-15 18:30:00,"{""abs"": true, ""features_in_step"": 1, ""normalise"": true, ""perturb_baseline"": ""black""}",True,True,True
MetroPT3,HBOS,2020-07-15 19:00:00,"{""abs"": true, ""features_in_step"": 1, ""normalise"": true, ""perturb_baseline"": ""black""}",True,True,True
MetroPT3,HBOS,2020-07-17 04:00:00,"{""abs"": true, ""features_in_step"": 1, ""normalise"": true, ""perturb_baseline"": ""black""}",True,True,True
MetroPT3,HBOS,2020-07-17 04:30:00,"{""abs"": true, ""features_in_step"": 1, ""normalise"": true, ""perturb_baseline"": ""black""}",True,True,True
MetroPT3,HBOS,2020-07-17 05:00:00,"{""abs"": true, ""features_in_step"": 1, ""normalise"": true, ""perturb_baseline"": ""black""}",True,True,True
MetroPT3,HBOS,2020-07-17 05:30:00,"{""abs"": true, ""features_in_step"": 1, ""normalise"": true, ""perturb_baseline"": ""black""}",True,True,True
MetroPT3,HBOS,2020-07-17 07:30:00,"{""abs"": true, ""features_in_step"": 1, ""normalise"": true, ""perturb_baseline"": ""black""}",True,True,True
MetroPT3,HBOS,2020-07-24 23:30:00,"{""abs"": true, ""features_in_step"": 1, ""normalise"": true, ""perturb_baseline"": ""black""}",True,True,True
MetroPT3,HBOS,2020-07-25 00:00:00,"{""abs"": true, ""features_in_step"": 1, ""normalise"": true, ""perturb_baseline"": ""black""}",True,True,True
MetroPT3,HBOS,2020-07-29 00:00:00,"{""abs"": true, ""features_in_step"": 1, ""normalise"": true, ""perturb_baseline"": ""black""}",True,True,True
MetroPT3,HBOS,2020-07-29 00:30:00,"{""abs"": true, ""features_in_step"": 1, ""normalise"": true, ""perturb_baseline"": ""black""}",True,True,True
MetroPT3,HBOS,2020-07-29 01:00:00,"{""abs"": true, ""features_in_step"": 1, ""normalise"": true, ""perturb_baseline"": ""black""}",True,True,True
MetroPT3,HBOS,2020-07-31 06:00:00,"{""abs"": true, ""features_in_step"": 1, ""normalise"": true, ""perturb_baseline"": ""black""}",True,True,True
MetroPT3,HBOS,2020-08-03 02:00:00,"{""abs"": true, ""features_in_step"": 1, ""normalise"": true, ""perturb_baseline"": ""black""}",True,True,True
MetroPT3,HBOS,2020-08-03 05:00:00,"{""abs"": true, ""features_in_step"": 1, ""normalise"": true, ""perturb_baseline"": ""black""}",True,True,True
MetroPT3,HBOS,2020-08-03 05:30:00,"{""abs"": true, ""features_in_step"": 1, ""normalise"": true, ""perturb_baseline"": ""black""}",True,True,True
MetroPT3,HBOS,2020-08-03 06:00:00,"{""abs"": true, ""features_in_step"": 1, ""normalise"": true, ""perturb_baseline"": ""black""}",True,True,True
MetroPT3,HBOS,2020-08-05 08:30:00,"{""abs"": true, ""features_in_step"": 1, ""normalise"": true, ""perturb_baseline"": ""black""}",True,True,True
MetroPT3,HBOS,2020-08-07 04:30:00,"{""abs"": true, ""features_in_step"": 1, ""normalise"": true, ""perturb_baseline"": ""black""}",True,True,True
MetroPT3,HBOS,2020-08-08 16:00:00,"{""abs"": true, ""features_in_step"": 1, ""normalise"": true, ""perturb_baseline"": ""black""}",True,True,True
MetroPT3,HBOS,2020-08-08 20:00:00,"{""abs"": true, ""features_in_step"": 1, ""normalise"": true, ""perturb_baseline"": ""black""}",True,True,True
MetroPT3,HBOS,2020-08-09 00:00:00,"{""abs"": true, ""features_in_step"": 1, ""normalise"": true, ""perturb_baseline"": ""black""}",True,True,True
MetroPT3,HBOS,2020-08-10 11:30:00,"{""abs"": true, ""features_in_step"": 1, ""normalise"": true, ""perturb_baseline"": ""black""}",True,True,True
MetroPT3,HBOS,2020-08-12 23:00:00,"{""abs"": true, ""features_in_step"": 1, ""normalise"": true, ""perturb_baseline"": ""black""}",True,True,True
MetroPT3,HBOS,2020-08-12 23:30:00,"{""abs"": true, ""features_in_step"": 1, ""normalise"": true, ""perturb_baseline"": ""black""}",True,True,True
MetroPT3,HBOS,2020-08-14 23:00:00,"{""abs"": true, ""features_in_step"": 1, ""normalise"": true, ""perturb_baseline"": ""black""}",True,True,True
MetroPT3,HBOS,2020-08-15 00:00:00,"{""abs"": true, ""features_in_step"": 1, ""normalise"": true, ""perturb_baseline"": ""black""}",True,True,True
MetroPT3,HBOS,2020-08-15 05:30:00,"{""abs"": true, ""features_in_step"": 1, ""normalise"": true, ""perturb_baseline"": ""black""}",True,True,True
MetroPT3,HBOS,2020-08-15 08:30:00,"{""abs"": true, ""features_in_step"": 1, ""normalise"": true, ""perturb_baseline"": ""black""}",True,True,True
MetroPT3,HBOS,2020-08-19 00:30:00,"{""abs"": true, ""features_in_step"": 1, ""normalise"": true, ""perturb_baseline"": ""black""}",True,True,True
MetroPT3,HBOS,2020-08-19 11:00:00,"{""abs"": true, ""features_in_step"": 1, ""normalise"": true, ""perturb_baseline"": ""black""}",True,True,True
MetroPT3,HBOS,2020-08-22 12:30:00,"{""abs"": true, ""features_in_step"": 1, ""normalise"": true, ""perturb_baseline"": ""black""}",True,True,True
MetroPT3,HBOS,2020-08-24 06:30:00,"{""abs"": true, ""features_in_step"": 1, ""normalise"": true, ""perturb_baseline"": ""black""}",True,True,True
MetroPT3,HBOS,2020-08-24 10:00:00,"{""abs"": true, ""features_in_step"": 1, ""normalise"": true, ""perturb_baseline"": ""black""}",True,True,True
MetroPT3,HBOS,2020-08-30 08:30:00,"{""abs"": true, ""features_in_step"": 1, ""normalise"": true, ""perturb_baseline"": ""black""}",True,True,True
MetroPT3,HBOS,2020-08-30 19:00:00,"{""abs"": true, ""features_in_step"": 1, ""normalise"": true, ""perturb_baseline"": ""black""}",True,True,True
MetroPT3,IForest,2020-07-08 17:30:00,"{""abs"": true, ""features_in_step"": 1, ""normalise"": true, ""perturb_baseline"": ""black""}",True,True,True
MetroPT3,IForest,2020-07-08 18:30:00,"{""abs"": true, ""features_in_step"": 1, ""normalise"": true, ""perturb_baseline"": ""black""}",True,True,True
MetroPT3,IForest,2020-07-15 16:00:00,"{""abs"": true, ""features_in_step"": 1, ""normalise"": true, ""perturb_baseline"": ""black""}",True,True,True
MetroPT3,IForest,2020-07-15 17:00:00,"{""abs"": true, ""features_in_step"": 1, ""normalise"": true, ""perturb_baseline"": ""black""}",True,True,True
MetroPT3,IForest,2020-07-15 17:30:00,"{""abs"": true, ""features_in_step"": 1, ""normalise"": true, ""perturb_baseline"": ""black""}",True,True,True
MetroPT3,IForest,2020-07-15 18:00:00,"{""abs"": true, ""features_in_step"": 1, ""normalise"": true, ""perturb_baseline"": ""black""}",True,True,True
MetroPT3,IForest,2020-07-15 18:30:00,"{""abs"": true, ""features_in_step"": 1, ""normalise"": true, ""perturb_baseline"": ""black""}",True,True,True
MetroPT3,IForest,2020-07-15 19:00:00,"{""abs"": true, ""features_in_step"": 1, ""normalise"": true, ""perturb_baseline"": ""black""}",True,True,True
MetroPT3,IForest,2020-07-17 04:00:00,"{""abs"": true, ""features_in_step"": 1, ""normalise"": true, ""perturb_baseline"": ""black""}",True,True,True
MetroPT3,IForest,2020-07-17 04:30:00,"{""abs"": true, ""features_in_step"": 1, ""normalise"": true, ""perturb_baseline"": ""black""}",True,True,True
MetroPT3,IForest,2020-07-17 05:00:00,"{""abs"": true, ""features_in_step"": 1, ""normalise"": true, ""perturb_baseline"": ""black""}",True,True,True
MetroPT3,IForest,2020-07-17 05:30:00,"{""abs"": true, ""features_in_step"": 1, ""normalise"": true, ""perturb_baseline"": ""black""}",True,True,True
MetroPT3,IForest,2020-07-17 07:30:00,"{""abs"": true, ""features_in_step"": 1, ""normalise"": true, ""perturb_baseline"": ""black""}",True,True,True
MetroPT3,IForest,2020-07-24 23:30:00,"{""abs"": true, ""features_in_step"": 1, ""normalise"": true, ""perturb_baseline"": ""black""}",True,True,True
MetroPT3,IForest,2020-07-25 00:00:00,"{""abs"": true, ""features_in_step"": 1, ""normalise"": true, ""perturb_baseline"": ""black""}",True,True,True
MetroPT3,IForest,2020-07-29 00:00:00,"{""abs"": true, ""features_in_step"": 1, ""normalise"": true, ""perturb_baseline"": ""black""}",True,True,True
MetroPT3,IForest,2020-07-29 00:30:00,"{""abs"": true, ""features_in_step"": 1, ""normalise"": true, ""perturb_baseline"": ""black""}",True,True,True
MetroPT3,IForest,2020-07-29 01:00:00,"{""abs"": true, ""features_in_step"": 1, ""normalise"": true, ""perturb_baseline"": ""black""}",True,True,True
MetroPT3,IForest,2020-07-31 06:00:00,"{""abs"": true, ""features_in_step"": 1, ""normalise"": true, ""perturb_baseline"": ""black""}",True,True,True
MetroPT3,IForest,2020-08-03 02:00:00,"{""abs"": true, ""features_in_step"": 1, ""normalise"": true, ""perturb_baseline"": ""black""}",True,True,True
MetroPT3,IForest,2020-08-03 05:00:00,"{""abs"": true, ""features_in_step"": 1, ""normalise"": true, ""perturb_baseline"": ""black""}",True,True,True
MetroPT3,IForest,2020-08-03 05:30:00,"{""abs"": true, ""features_in_step"": 1, ""normalise"": true, ""perturb_baseline"": ""black""}",True,True,True
MetroPT3,IForest,2020-08-03 06:00:00,"{""abs"": true, ""features_in_step"": 1, ""normalise"": true, ""perturb_baseline"": ""black""}",True,True,True
MetroPT3,IForest,2020-08-05 08:30:00,"{""abs"": true, ""features_in_step"": 1, ""normalise"": true, ""perturb_baseline"": ""black""}",True,True,True
MetroPT3,IForest,2020-08-07 04:30:00,"{""abs"": true, ""features_in_step"": 1, ""normalise"": true, ""perturb_baseline"": ""black""}",True,True,True
MetroPT3,IForest,2020-08-08 16:00:00,"{""abs"": true, ""features_in_step"": 1, ""normalise"": true, ""perturb_baseline"": ""black""}",True,True,True
MetroPT3,IForest,2020-08-08 20:00:00,"{""abs"": true, ""features_in_step"": 1, ""normalise"": true, ""perturb_baseline"": ""black""}",True,True,True
MetroPT3,IForest,2020-08-09 00:00:00,"{""abs"": true, ""features_in_step"": 1, ""normalise"": true, ""perturb_baseline"": ""black""}",True,True,True
MetroPT3,IForest,2020-08-10 11:30:00,"{""abs"": true, ""features_in_step"": 1, ""normalise"": true, ""perturb_baseline"": ""black""}",True,True,True
MetroPT3,IForest,2020-08-12 23:00:00,"{""abs"": true, ""features_in_step"": 1, ""normalise"": true, ""perturb_baseline"": ""black""}",True,True,True
MetroPT3,IForest,2020-08-12 23:30:00,"{""abs"": true, ""features_in_step"": 1, ""normalise"": true, ""perturb_baseline"": ""black""}",True,True,True
MetroPT3,IForest,2020-08-14 23:00:00,"{""abs"": true, ""features_in_step"": 1, ""normalise"": true, ""perturb_baseline"": ""black""}",True,True,True
MetroPT3,IForest,2020-08-15 00:00:00,"{""abs"": true, ""features_in_step"": 1, ""normalise"": true, ""perturb_baseline"": ""black""}",True,True,True
MetroPT3,IForest,2020-08-15 05:30:00,"{""abs"": true, ""features_in_step"": 1, ""normalise"": true, ""perturb_baseline"": ""black""}",True,True,True
MetroPT3,IForest,2020-08-15 08:30:00,"{""abs"": true, ""features_in_step"": 1, ""normalise"": true, ""perturb_baseline"": ""black""}",True,True,True
MetroPT3,IForest,2020-08-19 00:30:00,"{""abs"": true, ""features_in_step"": 1, ""normalise"": true, ""perturb_baseline"": ""black""}",True,True,True
MetroPT3,IForest,2020-08-19 11:00:00,"{""abs"": true, ""features_in_step"": 1, ""normalise"": true, ""perturb_baseline"": ""black""}",True,True,True
MetroPT3,IForest,2020-08-22 12:30:00,"{""abs"": true, ""features_in_step"": 1, ""normalise"": true, ""perturb_baseline"": ""black""}",True,True,True
MetroPT3,IForest,2020-08-24 06:30:00,"{""abs"": true, ""features_in_step"": 1, ""normalise"": true, ""perturb_baseline"": ""black""}",True,True,True
MetroPT3,IForest,2020-08-24 10:00:00,"{""abs"": true, ""features_in_step"": 1, ""normalise"": true, ""perturb_baseline"": ""black""}",True,True,True
MetroPT3,IForest,2020-08-30 08:30:00,"{""abs"": true, ""features_in_step"": 1, ""normalise"": true, ""perturb_baseline"": ""black""}",True,True,True
MetroPT3,IForest,2020-08-30 19:00:00,"{""abs"": true, ""features_in_step"": 1, ""normalise"": true, ""perturb_baseline"": ""black""}",True,True,True
MetroPT3,MCD,2020-07-08 17:30:00,"{""abs"": true, ""features_in_step"": 1, ""normalise"": true, ""perturb_baseline"": ""black""}",True,True,True
MetroPT3,MCD,2020-07-08 18:30:00,"{""abs"": true, ""features_in_step"": 1, ""normalise"": true, ""perturb_baseline"": ""black""}",True,True,True
MetroPT3,MCD,2020-07-15 16:00:00,"{""abs"": true, ""features_in_step"": 1, ""normalise"": true, ""perturb_baseline"": ""black""}",True,True,True
MetroPT3,MCD,2020-07-15 17:00:00,"{""abs"": true, ""features_in_step"": 1, ""normalise"": true, ""perturb_baseline"": ""black""}",True,True,True
MetroPT3,MCD,2020-07-15 17:30:00,"{""abs"": true, ""features_in_step"": 1, ""normalise"": true, ""perturb_baseline"": ""black""}",True,True,True
MetroPT3,MCD,2020-07-15 18:00:00,"{""abs"": true, ""features_in_step"": 1, ""normalise"": true, ""perturb_baseline"": ""black""}",True,True,True
MetroPT3,MCD,2020-07-15 18:30:00,"{""abs"": true, ""features_in_step"": 1, ""normalise"": true, ""perturb_baseline"": ""black""}",True,True,True
MetroPT3,MCD,2020-07-15 19:00:00,"{""abs"": true, ""features_in_step"": 1, ""normalise"": true, ""perturb_baseline"": ""black""}",True,True,True
MetroPT3,MCD,2020-07-17 04:00:00,"{""abs"": true, ""features_in_step"": 1, ""normalise"": true, ""perturb_baseline"": ""black""}",True,True,True
MetroPT3,MCD,2020-07-17 04:30:00,"{""abs"": true, ""features_in_step"": 1, ""normalise"": true, ""perturb_baseline"": ""black""}",True,True,True
MetroPT3,MCD,2020-07-17 05:00:00,"{""abs"": true, ""features_in_step"": 1, ""normalise"": true, ""perturb_baseline"": ""black""}",True,True,True
MetroPT3,MCD,2020-07-17 05:30:00,"{""abs"": true, ""features_in_step"": 1, ""normalise"": true, ""perturb_baseline"": ""black""}",True,True,True
MetroPT3,MCD,2020-07-17 07:30:00,"{""abs"": true, ""features_in_step"": 1, ""normalise"": true, ""perturb_baseline"": ""black""}",True,True,True
MetroPT3,MCD,2020-07-24 23:30:00,"{""abs"": true, ""features_in_step"": 1, ""normalise"": true, ""perturb_baseline"": ""black""}",True,True,True
MetroPT3,MCD,2020-07-25 00:00:00,"{""abs"": true, ""features_in_step"": 1, ""normalise"": true, ""perturb_baseline"": ""black""}",True,True,True
MetroPT3,MCD,2020-07-29 00:00:00,"{""abs"": true, ""features_in_step"": 1, ""normalise"": true, ""perturb_baseline"": ""black""}",True,True,True
MetroPT3,MCD,2020-07-29 00:30:00,"{""abs"": true, ""features_in_step"": 1, ""normalise"": true, ""perturb_baseline"": ""black""}",True,True,True
MetroPT3,MCD,2020-07-29 01:00:00,"{""abs"": true, ""features_in_step"": 1, ""normalise"": true, ""perturb_baseline"": ""black""}",True,True,True
MetroPT3,MCD,2020-07-31 06:00:00,"{""abs"": true, ""features_in_step"": 1, ""normalise"": true, ""perturb_baseline"": ""black""}",True,True,True
MetroPT3,MCD,2020-08-03 02:00:00,"{""abs"": true, ""features_in_step"": 1, ""normalise"": true, ""perturb_baseline"": ""black""}",True,True,True
MetroPT3,MCD,2020-08-03 05:00:00,"{""abs"": true, ""features_in_step"": 1, ""normalise"": true, ""perturb_baseline"": ""black""}",True,True,True
MetroPT3,MCD,2020-08-03 05:30:00,"{""abs"": true, ""features_in_step"": 1, ""normalise"": true, ""perturb_baseline"": ""black""}",True,True,True
MetroPT3,MCD,2020-08-03 06:00:00,"{""abs"": true, ""features_in_step"": 1, ""normalise"": true, ""perturb_baseline"": ""black""}",True,True,True
MetroPT3,MCD,2020-08-05 08:30:00,"{""abs"": true, ""features_in_step"": 1, ""normalise"": true, ""perturb_baseline"": ""black""}",True,True,True
MetroPT3,MCD,2020-08-07 04:30:00,"{""abs"": true, ""features_in_step"": 1, ""normalise"": true, ""perturb_baseline"": ""black""}",True,True,True
MetroPT3,MCD,2020-08-08 16:00:00,"{""abs"": true, ""features_in_step"": 1, ""normalise"": true, ""perturb_baseline"": ""black""}",True,True,True
MetroPT3,MCD,2020-08-08 20:00:00,"{""abs"": true, ""features_in_step"": 1, ""normalise"": true, ""perturb_baseline"": ""black""}",True,True,True
MetroPT3,MCD,2020-08-09 00:00:00,"{""abs"": true, ""features_in_step"": 1, ""normalise"": true, ""perturb_baseline"": ""black""}",True,True,True
MetroPT3,MCD,2020-08-10 11:30:00,"{""abs"": true, ""features_in_step"": 1, ""normalise"": true, ""perturb_baseline"": ""black""}",True,True,True
MetroPT3,MCD,2020-08-12 23:00:00,"{""abs"": true, ""features_in_step"": 1, ""normalise"": true, ""perturb_baseline"": ""black""}",True,True,True
MetroPT3,MCD,2020-08-12 23:30:00,"{""abs"": true, ""features_in_step"": 1, ""normalise"": true, ""perturb_baseline"": ""black""}",True,True,True
MetroPT3,MCD,2020-08-14 23:00:00,"{""abs"": true, ""features_in_step"": 1, ""normalise"": true, ""perturb_baseline"": ""black""}",True,True,True
MetroPT3,MCD,2020-08-15 00:00:00,"{""abs"": true, ""features_in_step"": 1, ""normalise"": true, ""perturb_baseline"": ""black""}",True,True,True
MetroPT3,MCD,2020-08-15 05:30:00,"{""abs"": true, ""features_in_step"": 1, ""normalise"": true, ""perturb_baseline"": ""black""}",True,True,True
MetroPT3,MCD,2020-08-15 08:30:00,"{""abs"": true, ""features_in_step"": 1, ""normalise"": true, ""perturb_baseline"": ""black""}",True,True,True
MetroPT3,MCD,2020-08-19 00:30:00,"{""abs"": true, ""features_in_step"": 1, ""normalise"": true, ""perturb_baseline"": ""black""}",True,True,True
MetroPT3,MCD,2020-08-19 11:00:00,"{""abs"": true, ""features_in_step"": 1, ""normalise"": true, ""perturb_baseline"": ""black""}",True,True,True
MetroPT3,MCD,2020-08-22 12:30:00,"{""abs"": true, ""features_in_step"": 1, ""normalise"": true, ""perturb_baseline"": ""black""}",True,True,True
MetroPT3,MCD,2020-08-24 06:30:00,"{""abs"": true, ""features_in_step"": 1, ""normalise"": true, ""perturb_baseline"": ""black""}",True,True,True
MetroPT3,MCD,2020-08-24 10:00:00,"{""abs"": true, ""features_in_step"": 1, ""normalise"": true, ""perturb_baseline"": ""black""}",True,True,True
MetroPT3,MCD,2020-08-30 08:30:00,"{""abs"": true, ""features_in_step"": 1, ""normalise"": true, ""perturb_baseline"": ""black""}",True,True,True
MetroPT3,MCD,2020-08-30 19:00:00,"{""abs"": true, ""features_in_step"": 1, ""normalise"": true, ""perturb_baseline"": ""black""}",True,True,True
MetroPT3,VAE,2020-07-08 17:30:00,"{""abs"": true, ""features_in_step"": 1, ""normalise"": true, ""perturb_baseline"": ""black""}",False,False,False
MetroPT3,VAE,2020-07-08 18:30:00,"{""abs"": true, ""features_in_step"": 1, ""normalise"": true, ""perturb_baseline"": ""black""}",False,False,False
MetroPT3,VAE,2020-07-15 16:00:00,"{""abs"": true, ""features_in_step"": 1, ""normalise"": true, ""perturb_baseline"": ""black""}",False,False,False
MetroPT3,VAE,2020-07-15 17:00:00,"{""abs"": true, ""features_in_step"": 1, ""normalise"": true, ""perturb_baseline"": ""black""}",False,False,False
MetroPT3,VAE,2020-07-15 17:30:00,"{""abs"": true, ""features_in_step"": 1, ""normalise"": true, ""perturb_baseline"": ""black""}",False,False,False
MetroPT3,VAE,2020-07-15 18:00:00,"{""abs"": true, ""features_in_step"": 1, ""normalise"": true, ""perturb_baseline"": ""black""}",False,False,False
MetroPT3,VAE,2020-07-15 18:30:00,"{""abs"": true, ""features_in_step"": 1, ""normalise"": true, ""perturb_baseline"": ""black""}",False,False,False
MetroPT3,VAE,2020-07-15 19:00:00,"{""abs"": true, ""features_in_step"": 1, ""normalise"": true, ""perturb_baseline"": ""black""}",False,False,False
MetroPT3,VAE,2020-07-17 04:00:00,"{""abs"": true, ""features_in_step"": 1, ""normalise"": true, ""perturb_baseline"": ""black""}",False,False,False
MetroPT3,VAE,2020-07-17 04:30:00,"{""abs"": true, ""features_in_step"": 1, ""normalise"": true, ""perturb_baseline"": ""black""}",False,False,False
MetroPT3,VAE,2020-07-17 05:00:00,"{""abs"": true, ""features_in_step"": 1, ""normalise"": true, ""perturb_baseline"": ""black""}",False,False,False
MetroPT3,VAE,2020-07-17 05:30:00,"{""abs"": true, ""features_in_step"": 1, ""normalise"": true, ""perturb_baseline"": ""black""}",False,False,False
MetroPT3,VAE,2020-07-17 07:30:00,"{""abs"": true, ""features_in_step"": 1, ""normalise"": true, ""perturb_baseline"": ""black""}",False,False,False
MetroPT3,VAE,2020-07-24 23:30:00,"{""abs"": true, ""features_in_step"": 1, ""normalise"": true, ""perturb_baseline"": ""black""}",False,False,False
MetroPT3,VAE,2020-07-25 00:00:00,"{""abs"": true, ""features_in_step"": 1, ""normalise"": true, ""perturb_baseline"": ""black""}",False,False,False
MetroPT3,VAE,2020-07-29 00:00:00,"{""abs"": true, ""features_in_step"": 1, ""normalise"": true, ""perturb_baseline"": ""black""}",False,False,False
MetroPT3,VAE,2020-07-29 00:30:00,"{""abs"": true, ""features_in_step"": 1, ""normalise"": true, ""perturb_baseline"": ""black""}",False,False,False
MetroPT3,VAE,2020-07-29 01:00:00,"{""abs"": true, ""features_in_step"": 1, ""normalise"": true, ""perturb_baseline"": ""black""}",False,False,False
MetroPT3,VAE,2020-07-31 06:00:00,"{""abs"": true, ""features_in_step"": 1, ""normalise"": true, ""perturb_baseline"": ""black""}",False,False,False
MetroPT3,VAE,2020-08-03 02:00:00,"{""abs"": true, ""features_in_step"": 1, ""normalise"": true, ""perturb_baseline"": ""black""}",False,False,False
MetroPT3,VAE,2020-08-03 05:00:00,"{""abs"": true, ""features_in_step"": 1, ""normalise"": true, ""perturb_baseline"": ""black""}",False,False,False
MetroPT3,VAE,2020-08-03 05:30:00,"{""abs"": true, ""features_in_step"": 1, ""normalise"": true, ""perturb_baseline"": ""black""}",False,False,False
MetroPT3,VAE,2020-08-03 06:00:00,"{""abs"": true, ""features_in_step"": 1, ""normalise"": true, ""perturb_baseline"": ""black""}",False,False,False
MetroPT3,VAE,2020-08-05 08:30:00,"{""abs"": true, ""features_in_step"": 1, ""normalise"": true, ""perturb_baseline"": ""black""}",False,False,False
MetroPT3,VAE,2020-08-07 04:30:00,"{""abs"": true, ""features_in_step"": 1, ""normalise"": true, ""perturb_baseline"": ""black""}",False,False,False
MetroPT3,VAE,2020-08-08 16:00:00,"{""abs"": true, ""features_in_step"": 1, ""normalise"": true, ""perturb_baseline"": ""black""}",False,False,False
MetroPT3,VAE,2020-08-08 20:00:00,"{""abs"": true, ""features_in_step"": 1, ""normalise"": true, ""perturb_baseline"": ""black""}",False,False,False
MetroPT3,VAE,2020-08-09 00:00:00,"{""abs"": true, ""features_in_step"": 1, ""normalise"": true, ""perturb_baseline"": ""black""}",False,False,False
MetroPT3,VAE,2020-08-10 11:30:00,"{""abs"": true, ""features_in_step"": 1, ""normalise"": true, ""perturb_baseline"": ""black""}",False,False,False
MetroPT3,VAE,2020-08-12 23:00:00,"{""abs"": true, ""features_in_step"": 1, ""normalise"": true, ""perturb_baseline"": ""black""}",False,False,False
MetroPT3,VAE,2020-08-12 23:30:00,"{""abs"": true, ""features_in_step"": 1, ""normalise"": true, ""perturb_baseline"": ""black""}",False,False,False
MetroPT3,VAE,2020-08-14 23:00:00,"{""abs"": true, ""features_in_step"": 1, ""normalise"": true, ""perturb_baseline"": ""black""}",False,False,False
MetroPT3,VAE,2020-08-15 00:00:00,"{""abs"": true, ""features_in_step"": 1, ""normalise"": true, ""perturb_baseline"": ""black""}",False,False,False
MetroPT3,VAE,2020-08-15 05:30:00,"{""abs"": true, ""features_in_step"": 1, ""normalise"": true, ""perturb_baseline"": ""black""}",False,False,False
MetroPT3,VAE,2020-08-15 08:30:00,"{""abs"": true, ""features_in_step"": 1, ""normalise"": true, ""perturb_baseline"": ""black""}",False,False,False
MetroPT3,VAE,2020-08-19 00:30:00,"{""abs"": true, ""features_in_step"": 1, ""normalise"": true, ""perturb_baseline"": ""black""}",False,False,False
MetroPT3,VAE,2020-08-19 11:00:00,"{""abs"": true, ""features_in_step"": 1, ""normalise"": true, ""perturb_baseline"": ""black""}",False,False,False
MetroPT3,VAE,2020-08-22 12:30:00,"{""abs"": true, ""features_in_step"": 1, ""normalise"": true, ""perturb_baseline"": ""black""}",False,False,False
MetroPT3,VAE,2020-08-24 06:30:00,"{""abs"": true, ""features_in_step"": 1, ""normalise"": true, ""perturb_baseline"": ""black""}",False,False,False
MetroPT3,VAE,2020-08-24 10:00:00,"{""abs"": true, ""features_in_step"": 1, ""normalise"": true, ""perturb_baseline"": ""black""}",False,False,False
MetroPT3,VAE,2020-08-30 08:30:00,"{""abs"": true, ""features_in_step"": 1, ""normalise"": true, ""perturb_baseline"": ""black""}",False,False,False
MetroPT3,VAE,2020-08-30 19:00:00,"{""abs"": true, ""features_in_step"": 1, ""normalise"": true, ""perturb_baseline"": ""black""}",False,False,False
