metric_1,metric_2,spearman_corr,p_value,n,abs_corr,significant_0.05
AvgSensitivity,MaxSensitivity,0.9504628809628558,3.122735476692822e-278,546,0.9504628809628558,True
Complexity,Sparseness,-0.9019771880386118,1.456775693576676e-200,546,0.9019771880386118,True
NonSensitivity,Sparseness,0.7571782956048364,1.1021979362673178e-102,546,0.7571782956048364,True
Complexity,Consistency,-0.6792321013709,4.121369918075114e-75,546,0.6792321013709,True
Consistency,Sparseness,0.6757868954341544,4.331263108718344e-74,546,0.6757868954341544,True
RelativeInputStability,Sparseness,-0.668699646481055,3.6999900700661143e-68,516,0.668699646481055,True
NonSensitivity,RelativeInputStability,-0.6661061231493507,1.8476151251597485e-67,516,0.6661061231493507,True
Consistency,NonSensitivity,0.6177041171012179,9.443441344990208e-59,546,0.6177041171012179,True
Complexity,NonSensitivity,-0.6004202999868207,8.747363838010739e-55,546,0.6004202999868207,True
